-- phpMyAdmin SQL Dump
-- version 5.2.1
-- https://www.phpmyadmin.net/
--
-- Host: 127.0.0.1
-- Generation Time: Dec 10, 2025 at 05:23 PM
-- Server version: 10.4.32-MariaDB
-- PHP Version: 8.0.30

SET SQL_MODE = "NO_AUTO_VALUE_ON_ZERO";
START TRANSACTION;
SET time_zone = "+00:00";


/*!40101 SET @OLD_CHARACTER_SET_CLIENT=@@CHARACTER_SET_CLIENT */;
/*!40101 SET @OLD_CHARACTER_SET_RESULTS=@@CHARACTER_SET_RESULTS */;
/*!40101 SET @OLD_COLLATION_CONNECTION=@@COLLATION_CONNECTION */;
/*!40101 SET NAMES utf8mb4 */;

--
-- Database: `cafe_db`
--

-- --------------------------------------------------------

--
-- Table structure for table `admins`
--

CREATE TABLE `admins` (
  `id` int(11) NOT NULL,
  `username` varchar(50) NOT NULL,
  `password` varchar(255) NOT NULL
) ENGINE=InnoDB DEFAULT CHARSET=utf8mb4 COLLATE=utf8mb4_general_ci;

--
-- Dumping data for table `admins`
--

INSERT INTO `admins` (`id`, `username`, `password`) VALUES
(1, 'muglife', '1234');

-- --------------------------------------------------------

--
-- Table structure for table `categories`
--

CREATE TABLE `categories` (
  `id` int(11) NOT NULL,
  `name` varchar(100) NOT NULL
) ENGINE=InnoDB DEFAULT CHARSET=utf8mb4 COLLATE=utf8mb4_general_ci;

--
-- Dumping data for table `categories`
--

INSERT INTO `categories` (`id`, `name`) VALUES
(1, 'Brunch'),
(2, 'Hot Beverages'),
(3, 'Green Bites Co.'),
(4, 'Cold Beverages'),
(5, 'The Bloom Platter');

-- --------------------------------------------------------

--
-- Table structure for table `menu`
--

CREATE TABLE `menu` (
  `id` int(11) NOT NULL,
  `name` varchar(255) NOT NULL,
  `category_id` int(11) NOT NULL,
  `price` decimal(10,2) NOT NULL,
  `gst_percent` decimal(5,2) NOT NULL,
  `total` decimal(10,2) NOT NULL,
  `group_name` varchar(100) DEFAULT NULL,
  `image` varchar(255) DEFAULT NULL
) ENGINE=InnoDB DEFAULT CHARSET=utf8mb4 COLLATE=utf8mb4_general_ci;

--
-- Dumping data for table `menu`
--

INSERT INTO `menu` (`id`, `name`, `category_id`, `price`, `gst_percent`, `total`, `group_name`, `image`) VALUES
(1, 'Pancake', 1, 60.00, 3.00, 63.00, NULL, 'assets/B1.jpg'),
(2, 'Waffles', 1, 70.00, 3.50, 72.45, NULL, 'assets/B2.jpg'),
(3, 'Croissants', 1, 55.00, 2.75, 56.51, NULL, 'assets/B3.jpg'),
(4, 'Donut', 1, 50.00, 2.50, 51.25, NULL, 'assets/B4.jpeg'),
(5, 'Masala Chai', 2, 25.00, 1.25, 26.00, NULL, 'assets/H1.jpeg'),
(6, 'Hot Chocolate', 2, 60.00, 3.00, 63.00, NULL, 'assets/H2.jpeg'),
(7, 'Herbal Tea', 2, 30.00, 1.50, 32.00, NULL, 'assets/H3.jpg'),
(8, 'Espresso', 2, 40.00, 2.00, 42.00, 'Coffee', 'assets/Espresso.jpg'),
(9, 'Latte', 2, 60.00, 3.00, 63.00, 'Coffee', 'assets/Latte.jpeg'),
(10, 'Cappuccino', 2, 65.00, 3.25, 68.00, 'Coffee', 'assets/Cap.jpg'),
(11, 'Americano', 2, 55.00, 2.75, 57.00, 'Coffee', 'assets/Americano.jpg'),
(12, 'Hummus and Pita', 3, 80.00, 4.00, 84.00, NULL, 'assets/G1.jpg'),
(13, 'Caesar Salad', 3, 75.00, 3.75, 79.00, NULL, 'assets/G2.jpg'),
(14, 'Yogurt Parfaits', 3, 65.00, 3.25, 68.00, NULL, 'assets/G3.jpg'),
(15, 'Milkshakes', 4, 70.00, 3.50, 74.00, NULL, 'assets/C1.jpeg'),
(16, 'Smoothies', 4, 75.00, 3.75, 79.00, NULL, 'assets/C2.jpeg'),
(17, 'Frappe', 4, 75.00, 3.75, 79.00, NULL, 'assets/C3.jpg'),
(18, 'Iced Coffee', 4, 65.00, 3.25, 68.00, NULL, 'assets/C4.jpeg'),
(19, 'Avocado Rose', 5, 0.00, 0.00, 0.00, 'Plate', NULL),
(20, 'Potato Cube Roast', 5, 0.00, 0.00, 0.00, 'Plate', NULL),
(21, 'Pickled Radish', 5, 0.00, 0.00, 0.00, 'Plate', NULL),
(22, 'Cherry Tomatoes', 5, 0.00, 0.00, 0.00, 'Plate', NULL),
(23, 'Cucumber Ribbons', 5, 0.00, 0.00, 0.00, 'Plate', NULL),
(24, 'Drizzled with tahini - Lemon Dressing', 5, 0.00, 0.00, 0.00, 'Plate', NULL),
(25, 'Iced Matcha Latte With Coconut Milk', 5, 0.00, 0.00, 0.00, 'Drink', NULL),
(26, 'The Bloom Platter', 5, 349.00, 0.00, 349.00, NULL, NULL);

-- --------------------------------------------------------

--
-- Table structure for table `menu_customizations`
--

CREATE TABLE `menu_customizations` (
  `id` int(11) NOT NULL,
  `menu_id` int(11) NOT NULL,
  `name` varchar(255) NOT NULL,
  `extra_price` decimal(10,2) DEFAULT 0.00
) ENGINE=InnoDB DEFAULT CHARSET=utf8mb4 COLLATE=utf8mb4_general_ci;

--
-- Dumping data for table `menu_customizations`
--

INSERT INTO `menu_customizations` (`id`, `menu_id`, `name`, `extra_price`) VALUES
(1, 15, 'Chocolate', 10.00),
(2, 15, 'Oreo', 10.00),
(3, 15, 'Strawberry', 12.00),
(4, 15, 'Mango', 8.00),
(5, 16, 'Blueberry', 12.00),
(6, 16, 'Strawberry', 12.00),
(7, 16, 'Raseberry', 13.00),
(8, 1, 'Banana', 8.00),
(9, 1, 'Chocolate', 10.00),
(10, 2, 'Nutella', 15.00),
(11, 2, 'Classic', 10.00),
(12, 2, 'Venilla Ice Cream', 20.00),
(13, 3, 'Almond', 20.00),
(14, 3, 'Apple', 10.00),
(15, 3, 'Chocolate', 10.00),
(16, 4, 'Chocolate', 10.00),
(17, 4, 'Cinnamon Sugar', 15.00),
(18, 4, 'Maple Glazed', 13.00);

-- --------------------------------------------------------

--
-- Table structure for table `orders`
--

CREATE TABLE `orders` (
  `id` int(11) NOT NULL,
  `customer_name` varchar(255) NOT NULL,
  `table_number` varchar(10) DEFAULT NULL,
  `gst_percent` decimal(5,2) DEFAULT 5.00,
  `total` decimal(10,2) NOT NULL,
  `status` varchar(50) DEFAULT 'Pending',
  `payment_proof` varchar(255) DEFAULT NULL,
  `created_at` timestamp NOT NULL DEFAULT current_timestamp(),
  `order_type` enum('Dine-In','Takeaway') NOT NULL DEFAULT 'Dine-In'
) ENGINE=InnoDB DEFAULT CHARSET=utf8mb4 COLLATE=utf8mb4_general_ci;

--
-- Dumping data for table `orders`
--

INSERT INTO `orders` (`id`, `customer_name`, `table_number`, `gst_percent`, `total`, `status`, `payment_proof`, `created_at`, `order_type`) VALUES
(1, 'maha', '1', 5.00, 89.25, 'Pending', NULL, '2025-07-29 13:53:14', 'Dine-In'),
(2, 'indhi', 'jdjd', 5.00, 57.75, 'Pending', NULL, '2025-08-22 13:01:58', 'Dine-In'),
(3, '', '', 5.00, 0.00, 'Preparing', 'proof_1755965269.png', '2025-08-23 16:07:49', 'Dine-In'),
(4, '', '', 5.00, 0.00, 'Pending', '<uploads>proof_1755966197.png', '2025-08-23 16:23:17', 'Dine-In'),
(5, '', '', 5.00, 0.00, 'Pending', '<uploads>proof_1755966235.png', '2025-08-23 16:23:55', 'Dine-In'),
(6, '', '', 5.00, 0.00, 'Pending', '<uploads>proof_1755966261.png', '2025-08-23 16:24:21', 'Dine-In'),
(7, '', '', 5.00, 0.00, 'Pending', '<uploads>proof_1755966273.png', '2025-08-23 16:24:33', 'Dine-In'),
(8, '', '', 5.00, 0.00, 'Preparing', '<uploads>proof_1755966327.png', '2025-08-23 16:25:27', 'Dine-In'),
(9, 'jo', '8', 5.00, 73.50, 'Paid', 'uploads/1755967536_proof.png', '2025-08-23 16:45:36', 'Dine-In'),
(10, 'jeya', '5', 3.75, 78.75, 'Paid', 'uploads/1755967733_proof.png', '2025-08-23 16:48:53', 'Dine-In'),
(11, 'habi', '1', 2.50, 52.50, 'Paid', 'uploads/1755977119_proof.png', '2025-08-23 19:25:19', 'Dine-In'),
(12, 'charm', '6', 3.25, 68.25, 'Paid', 'uploads/1755980835_proof.png', '2025-08-23 20:27:15', 'Dine-In'),
(13, 'maha', '5', 2.50, 52.50, 'Paid', 'uploads/1755981036_proof.png', '2025-08-23 20:30:36', 'Dine-In'),
(14, 'jeya', '1', 2.00, 42.00, 'Paid', 'uploads/1756201318_proof.png', '2025-08-26 09:41:58', 'Dine-In'),
(15, 'indhu', '7', 2.75, 57.75, 'Paid', 'uploads/1756201345_proof.png', '2025-08-26 09:42:25', 'Dine-In'),
(16, 'indhu', '7', 2.75, 57.75, 'Paid', 'uploads/1756203219_proof.png', '2025-08-26 10:13:39', 'Dine-In'),
(17, 'irfan', '7', 4.00, 84.00, 'Paid', 'uploads/1756217965_proof.png', '2025-08-26 14:19:25', 'Dine-In'),
(18, 'maha', '1', 5.75, 120.75, 'Paid', 'uploads/1756219682_proof.png', '2025-08-26 14:48:02', 'Dine-In'),
(19, 'amar', '1', 2.75, 57.75, 'Paid', 'uploads/1756223270_proof.png', '2025-08-26 15:47:50', 'Dine-In'),
(20, 'indhu', '1', 2.75, 57.75, 'Preparing', 'uploads/1756383270_proof.png', '2025-08-28 12:14:30', 'Dine-In'),
(21, 'irfan', '1', 5.75, 120.75, 'Preparing', 'uploads/1756387022_proof.png', '2025-08-28 13:17:02', 'Dine-In'),
(22, 'indhu', '7', 1.50, 31.50, 'Preparing', 'uploads/1756393443_proof.png', '2025-08-28 15:04:03', 'Dine-In'),
(23, 'jeya', '1', 6.25, 131.25, 'Preparing', 'uploads/1756393515_proof.png', '2025-08-28 15:05:15', 'Dine-In'),
(24, 'indhu', '7', 18.00, 378.00, 'Preparing', 'uploads/1756394809_proof.png', '2025-08-28 15:26:49', 'Dine-In'),
(25, 'indhu', '1', 2.75, 57.75, 'Ready', 'uploads/1756401453_proof.png', '2025-08-28 17:17:33', 'Dine-In'),
(26, 'latif', '8', 2.75, 57.75, 'Preparing', 'uploads/1756473434_proof.png', '2025-08-29 13:17:14', 'Dine-In'),
(27, 'indhu', '1', 2.75, 57.75, 'Preparing', 'uploads/1756474479_proof.png', '2025-08-29 13:34:39', 'Dine-In'),
(28, 'irfan', '1', 2.75, 57.75, 'Ready', 'uploads/1756477519_proof.png', '2025-08-29 14:25:19', 'Dine-In'),
(29, 'irfan', '5', 3.00, 63.00, 'Ready', 'uploads/1756477724_proof.png', '2025-08-29 14:28:44', 'Dine-In'),
(30, 'indhu', '1', 3.00, 63.00, 'Ready', 'uploads/1756478235_proof.png', '2025-08-29 14:37:15', 'Dine-In'),
(31, 'indhu', '7', 2.00, 42.00, 'Ready', 'uploads/1756478417_proof.png', '2025-08-29 14:40:17', 'Dine-In'),
(32, 'indhu', '7', 3.50, 73.50, 'Paid', 'uploads/1756478516_proof.png', '2025-08-29 14:41:56', 'Dine-In'),
(33, 'cccc', '1', 3.75, 78.75, 'Paid', 'uploads/1756478539_proof.png', '2025-08-29 14:42:19', 'Dine-In'),
(34, 'indhu', '7', 3.75, 78.75, 'Paid', 'uploads/1756478598_proof.png', '2025-08-29 14:43:18', 'Dine-In'),
(35, 'indhu', '1', 2.75, 57.75, 'Ready', 'uploads/1756478618_proof.png', '2025-08-29 14:43:38', 'Dine-In'),
(36, 'char', '7', 2.75, 57.75, 'Preparing', 'uploads/1756479093_proof.png', '2025-08-29 14:51:34', 'Dine-In'),
(37, 'latif', '8', 2.75, 57.75, 'Preparing', 'uploads/1756543307_proof.png', '2025-08-30 08:41:47', 'Dine-In'),
(38, 'Mon', '7', 3.00, 63.00, 'Preparing', 'uploads/1756544411_proof.png', '2025-08-30 09:00:11', 'Dine-In'),
(39, 'Mon', '7', 2.75, 57.75, 'Paid', 'uploads/1756560296_proof.png', '2025-08-30 13:24:56', 'Dine-In'),
(40, 'Mon', '7', 2.50, 52.50, 'Paid', 'uploads/1756561004_proof.png', '2025-08-30 13:36:45', 'Dine-In'),
(41, 'indhu', '7', 5.00, 82.00, 'Preparing', NULL, '2025-08-30 14:31:30', 'Dine-In'),
(42, 'Mon', '7', 3.75, 78.75, 'Preparing', 'uploads/1756564990_proof.png', '2025-08-30 14:43:10', 'Dine-In'),
(43, 'irfa', '3', 1.50, 31.50, 'Paid', 'uploads/1756565355_proof.png', '2025-08-30 14:49:15', 'Dine-In'),
(44, 'indhu', '1', 4.75, 99.75, 'Paid', 'uploads/1756565593_proof.png', '2025-08-30 14:53:13', 'Dine-In'),
(45, 'indhu', '1', 4.50, 94.50, 'Paid', 'uploads/1756565755_proof.png', '2025-08-30 14:55:55', 'Dine-In'),
(46, 'maha', '7', 4.35, 91.35, 'Paid', 'uploads/1756565839_proof.png', '2025-08-30 14:57:19', 'Dine-In'),
(47, 'indhu', '1', 4.10, 86.10, 'Paid', 'uploads/1756565970_proof.png', '2025-08-30 14:59:30', 'Dine-In'),
(48, 'hari', '6', 5.00, 105.00, 'Paid', 'uploads/1756574277_proof.png', '2025-08-30 17:17:57', 'Dine-In'),
(49, 'indhu', '7', 7.75, 162.75, 'Paid', 'uploads/1756632426_proof.png', '2025-08-31 09:27:06', 'Dine-In'),
(50, 'maha', '1', 1.50, 31.50, 'Paid', 'uploads/1756633607_proof.png', '2025-08-31 09:46:47', 'Dine-In'),
(51, 'indhu', '1', 5.00, 26.25, 'Pending', NULL, '2025-08-31 10:02:51', 'Dine-In'),
(52, 'jeya', '7', 5.00, 26.25, 'Pending', NULL, '2025-08-31 10:09:25', 'Dine-In'),
(53, 'indhu', '7', 5.00, 26.25, 'Pending', NULL, '2025-08-31 10:09:44', 'Dine-In'),
(54, 'indhu', '7', 5.00, 26.25, 'Pending', NULL, '2025-08-31 10:09:55', 'Dine-In'),
(55, 'bhddha', '7', 5.00, 26.25, 'Pending', NULL, '2025-08-31 10:10:22', 'Dine-In'),
(56, 'usha', '7', 5.00, 26.25, 'Pending', NULL, '2025-08-31 10:10:42', 'Dine-In'),
(57, 'usha', '7', 5.00, 26.25, 'Pending', NULL, '2025-08-31 10:11:27', 'Dine-In'),
(58, 'maha', '7', 5.25, 110.25, 'Paid', 'uploads/1756637803_proof.png', '2025-08-31 10:56:43', 'Dine-In'),
(59, 'Mon', '7', 5.25, 110.25, 'Paid', 'uploads/1756638071_proof.png', '2025-08-31 11:01:11', 'Dine-In'),
(60, 'Mon', '7', 2.75, 57.75, 'Paid', 'uploads/1756638199_proof.png', '2025-08-31 11:03:19', 'Dine-In'),
(61, 'irfan', '1', 3.75, 78.75, 'Paid', 'uploads/1756638363_proof.png', '2025-08-31 11:06:03', 'Dine-In'),
(62, 'maha', '1', 5.00, 70.00, 'Pending', NULL, '2025-08-31 11:08:08', 'Dine-In'),
(63, 'irfan', '6', 3.75, 78.75, 'Paid', 'uploads/1756638516_proof.png', '2025-08-31 11:08:36', 'Dine-In'),
(64, 'maha', '1', 3.00, 63.00, 'Paid', 'uploads/1756646281_proof.png', '2025-08-31 13:18:01', 'Dine-In'),
(65, 'maha', '7', 5.00, 83.00, 'Pending', NULL, '2025-08-31 13:18:58', 'Dine-In'),
(66, 'maha', '7', 5.00, 85.00, 'Pending', NULL, '2025-08-31 13:22:41', 'Dine-In'),
(67, 'irfan', '7', 3.50, 73.50, 'Paid', 'uploads/1756647642_proof.png', '2025-08-31 13:40:42', 'Dine-In'),
(68, 'maha', '1', 3.50, 73.50, 'Paid', 'uploads/1756648108_proof.png', '2025-08-31 13:48:28', 'Dine-In'),
(69, 'maha', '7', 5.00, 70.00, 'Pending', NULL, '2025-08-31 13:48:55', 'Dine-In'),
(70, 'maha', '1', 2.50, 52.50, 'Paid', 'uploads/1756648716_proof.png', '2025-08-31 13:58:36', 'Dine-In'),
(71, 'irfan', '5', 3.00, 63.00, 'Paid', 'uploads/1756648880_proof.png', '2025-08-31 14:01:20', 'Dine-In'),
(72, 'irfan', '1', 2.50, 52.50, 'Paid', 'uploads/1756649582_proof.png', '2025-08-31 14:13:02', 'Dine-In'),
(73, 'irfan', '3', 3.50, 73.50, 'Paid', 'uploads/1756649658_proof.png', '2025-08-31 14:14:18', 'Dine-In'),
(74, 'maha', '7', 5.00, 70.00, 'Pending', NULL, '2025-08-31 14:16:47', 'Dine-In'),
(75, 'maha', '7', 3.50, 73.50, 'Paid', 'uploads/1756650077_proof.png', '2025-08-31 14:21:18', 'Dine-In'),
(76, 'maha', '7', 5.00, 70.00, 'Pending', NULL, '2025-08-31 14:21:44', 'Dine-In'),
(77, 'maha', '1', 3.00, 63.00, 'Paid', 'uploads/1756651046_proof.png', '2025-08-31 14:37:26', 'Dine-In'),
(78, 'cccc', '3', 2.75, 57.75, 'Paid', 'uploads/1756651580_proof.png', '2025-08-31 14:46:20', 'Dine-In'),
(79, 'maha', '7', 5.00, 70.00, 'Pending', NULL, '2025-08-31 14:46:45', 'Dine-In'),
(80, 'irfan', '7', 3.50, 73.50, 'Paid', 'uploads/1756727442_proof.png', '2025-09-01 11:50:42', 'Dine-In'),
(81, 'maha', '7', 5.00, 70.00, 'Pending', NULL, '2025-09-01 11:52:30', 'Dine-In'),
(82, 'maha', '1', 4.00, 84.00, 'Paid', 'uploads/1756731888_proof.png', '2025-09-01 13:04:48', 'Dine-In'),
(83, 'irfan', '7', 3.50, 73.50, 'Paid', 'uploads/1756731939_proof.png', '2025-09-01 13:05:39', 'Dine-In'),
(84, 'maha', '1', 8.25, 173.25, 'Paid', 'uploads/1756733864_proof.png', '2025-09-01 13:37:44', 'Dine-In'),
(85, 'maha', '7', 5.00, 366.45, 'Pending', NULL, '2025-09-01 14:06:11', 'Dine-In'),
(86, 'maha', '7', 5.00, 366.45, 'Pending', NULL, '2025-09-01 14:22:53', 'Dine-In'),
(87, 'maha', '7', 6.00, 126.00, 'Paid', 'uploads/1756736597_proof.png', '2025-09-01 14:23:17', 'Dine-In'),
(88, 'cccc', '1', 5.00, 366.45, 'Pending', NULL, '2025-09-01 14:28:16', 'Dine-In'),
(89, 'charm', '7', 3.25, 68.25, 'Paid', 'uploads/1756736946_proof.png', '2025-09-01 14:29:06', 'Dine-In'),
(90, 'jeya', '1', 3.50, 73.50, 'Paid', 'uploads/1756738288_proof.png', '2025-09-01 14:51:28', 'Dine-In'),
(91, 'charm', '1', 5.00, 366.45, 'Pending', NULL, '2025-09-01 14:51:51', 'Dine-In'),
(92, 'maha', '1', 5.00, 366.45, 'Pending', NULL, '2025-09-01 15:03:35', 'Dine-In'),
(93, 'priya', '9', 5.00, 366.45, 'Pending', NULL, '2025-09-01 15:11:16', 'Dine-In'),
(94, 'ggdgd', '1', 5.00, 366.45, 'Pending', NULL, '2025-09-01 15:29:30', 'Dine-In'),
(95, 'jeya', '7', 5.00, 366.45, 'Pending', NULL, '2025-09-01 15:38:30', 'Dine-In'),
(96, 'irfan', '3', 5.00, 366.45, 'Pending', NULL, '2025-09-01 15:40:40', 'Dine-In'),
(97, 'irfan', '7', 5.00, 366.45, 'Pending', NULL, '2025-09-01 15:45:59', 'Dine-In'),
(98, 'irfan', '2', 5.00, 366.45, 'Pending', NULL, '2025-09-01 15:56:29', 'Dine-In'),
(99, 'maha', '7', 3.50, 73.50, 'Paid', 'uploads/1756810399_proof.png', '2025-09-02 10:53:19', 'Dine-In'),
(100, 'irfan', '1', 5.00, 732.90, 'Pending', NULL, '2025-09-02 11:29:40', 'Dine-In'),
(101, 'char', '1', 5.00, 366.45, 'Pending', NULL, '2025-09-02 11:41:51', 'Dine-In'),
(102, 'cccc', '5', 5.00, 366.45, 'Pending', NULL, '2025-09-02 11:45:10', 'Dine-In'),
(103, 'jeya', '3', 10.50, 220.50, 'Paid', 'uploads/1756813721_proof.png', '2025-09-02 11:48:41', 'Dine-In'),
(104, 'jeya', '5', 5.00, 366.45, 'Pending', NULL, '2025-09-02 13:57:14', 'Dine-In'),
(105, 'irfan', '3', 5.00, 366.45, 'Pending', NULL, '2025-09-02 14:12:45', 'Dine-In'),
(106, 'irfan', '1', 5.00, 366.45, 'Pending', NULL, '2025-09-02 14:23:59', 'Dine-In'),
(107, 'apar', '8', 5.00, 366.45, 'Pending', NULL, '2025-09-02 14:27:33', 'Dine-In'),
(108, 'ggdgd', '5', 5.00, 366.45, 'Pending', NULL, '2025-09-02 14:55:01', 'Dine-In'),
(109, 'irfan', '7', 5.00, 366.45, 'Pending', NULL, '2025-09-02 15:01:02', 'Dine-In'),
(110, 'maha', '5', 5.00, 366.45, 'Pending', NULL, '2025-09-02 15:32:51', 'Dine-In'),
(111, 'maha', '5', 5.00, 366.45, 'Pending', NULL, '2025-09-02 15:38:00', 'Dine-In'),
(112, 'charm', '1', 5.00, 1465.80, 'Pending', NULL, '2025-09-02 15:47:37', 'Dine-In'),
(113, 'jeya', '6', 5.00, 732.90, 'Pending', NULL, '2025-09-02 16:07:10', 'Dine-In'),
(114, 'jeya', '1', 16.80, 352.80, 'Paid', 'uploads/1756829280_proof.png', '2025-09-02 16:08:00', 'Dine-In'),
(115, 'maha', '7', 4.40, 92.40, 'Paid', 'uploads/1756880157_proof.png', '2025-09-03 06:15:57', 'Dine-In'),
(116, 'jeya', '5', 3.50, 73.50, 'Paid', 'uploads/1756905756_proof.png', '2025-09-03 13:22:36', 'Dine-In'),
(117, 'irfan', '7', 6.25, 131.25, 'Paid', 'uploads/1756905861_proof.png', '2025-09-03 13:24:21', 'Dine-In'),
(118, 'irfan', '7', 3.40, 71.40, 'Paid', 'uploads/1756906041_proof.png', '2025-09-03 13:27:21', 'Dine-In'),
(119, 'irfan', '1', 3.00, 63.00, 'Paid', 'uploads/1756907233_proof.png', '2025-09-03 13:47:13', 'Dine-In'),
(120, 'maha', '3', 14.25, 299.25, 'Paid', 'uploads/1756907271_proof.png', '2025-09-03 13:47:51', 'Dine-In'),
(121, 'maha', '1', 5.00, 366.45, 'Pending', NULL, '2025-09-03 13:48:20', 'Dine-In'),
(122, 'maha', '7', 2.50, 52.50, 'Paid', 'uploads/1756909996_proof.png', '2025-09-03 14:33:16', 'Dine-In'),
(123, 'maha', '1', 5.00, 366.45, 'Pending', NULL, '2025-09-03 14:49:03', 'Dine-In'),
(124, 'irfan', '7', 3.25, 68.25, 'Paid', 'uploads/1756913924_proof.png', '2025-09-03 15:38:44', 'Dine-In'),
(125, 'irfan', '1', 3.50, 73.50, 'Paid', 'uploads/1756914277_proof.png', '2025-09-03 15:44:37', 'Dine-In'),
(126, 'apar', '4', 5.00, 366.45, 'Pending', NULL, '2025-09-03 15:46:25', 'Dine-In'),
(127, 'charm', '6', 10.75, 225.75, 'Paid', 'uploads/1756961192_proof.png', '2025-09-04 04:46:32', 'Dine-In'),
(128, 'irfan', '7', 2.75, 57.75, 'Paid', 'uploads/1756961256_proof.png', '2025-09-04 04:47:36', 'Dine-In'),
(129, 'maha', '1', 2.75, 57.75, 'Paid', 'uploads/1756961286_proof.png', '2025-09-04 04:48:06', 'Dine-In'),
(130, 'maha', '7', 3.50, 73.50, 'Paid', 'uploads/1756992134_proof.png', '2025-09-04 13:22:14', 'Dine-In'),
(131, 'irfan', '4', 3.50, 73.50, 'Paid', 'uploads/1756992556_proof.png', '2025-09-04 13:29:16', 'Dine-In'),
(132, 'maha', '1', 3.75, 78.75, 'Paid', 'uploads/1756992784_proof.png', '2025-09-04 13:33:04', 'Dine-In'),
(133, 'irfan', '1', 7.25, 152.25, 'Paid', 'uploads/1756992981_proof.png', '2025-09-04 13:36:21', 'Dine-In'),
(134, 'irfan', '1', 3.50, 73.50, 'Paid', 'uploads/1756993227_proof.png', '2025-09-04 13:40:27', 'Dine-In'),
(135, 'irfan', '1', 3.50, 73.50, 'Paid', 'uploads/1756993468_proof.png', '2025-09-04 13:44:28', 'Dine-In'),
(136, 'irfan', '7', 3.75, 78.75, 'Paid', 'uploads/1756993505_proof.png', '2025-09-04 13:45:05', 'Dine-In'),
(137, 'irfan', '4', 3.50, 73.50, 'Paid', 'uploads/1756993866_proof.png', '2025-09-04 13:51:06', 'Dine-In'),
(138, 'jeya', '5', 3.00, 63.00, 'Paid', 'uploads/1756993933_proof.png', '2025-09-04 13:52:13', 'Dine-In'),
(139, 'hari', '4', 2.50, 52.50, 'Paid', 'uploads/1756994171_proof.png', '2025-09-04 13:56:11', 'Dine-In'),
(140, 'kowsi', '4', 2.50, 52.50, 'Paid', 'uploads/1756994416_proof.png', '2025-09-04 14:00:16', 'Dine-In'),
(141, 'irfan', '3', 3.00, 63.00, 'Paid', 'uploads/1756994655_proof.png', '2025-09-04 14:04:15', 'Dine-In'),
(142, 'jeya', '7', 2.75, 57.75, 'Paid', 'uploads/1756995026_proof.png', '2025-09-04 14:10:26', 'Dine-In'),
(143, 'irfan', '7', 2.75, 57.75, 'Paid', 'uploads/1756995215_proof.png', '2025-09-04 14:13:35', 'Dine-In'),
(144, 'cccc', '3', 3.75, 78.75, 'Paid', 'uploads/1756995368_proof.png', '2025-09-04 14:16:08', 'Dine-In'),
(145, 'maha', '7', 3.75, 78.75, 'Paid', 'uploads/1756995978_proof.png', '2025-09-04 14:26:18', 'Dine-In'),
(146, 'irfan', '1', 3.75, 78.75, 'Paid', 'uploads/1756996197_proof.png', '2025-09-04 14:29:57', 'Dine-In'),
(147, 'irfan', '3', 3.75, 78.75, 'Paid', 'uploads/1756996259_proof.png', '2025-09-04 14:30:59', 'Dine-In'),
(148, 'jj', '4', 2.75, 57.75, 'Paid', 'uploads/1756996287_proof.png', '2025-09-04 14:31:27', 'Dine-In'),
(149, 'vaisini', '5', 2.50, 52.50, 'Paid', 'uploads/1756996339_proof.png', '2025-09-04 14:32:19', 'Dine-In'),
(150, 'jeya', '1', 2.75, 57.75, 'Paid', 'uploads/1756997349_proof.png', '2025-09-04 14:49:09', 'Dine-In'),
(151, 'irfan', '5', 3.25, 68.25, 'Paid', 'uploads/1756997595_proof.png', '2025-09-04 14:53:15', 'Dine-In'),
(152, 'esakki', '5', 7.25, 152.25, 'Paid', 'uploads/1756997666_proof.png', '2025-09-04 14:54:26', 'Dine-In'),
(153, 'irfan', '3', 5.00, 366.45, 'Pending', NULL, '2025-09-05 06:19:42', 'Dine-In'),
(154, 'maha', '5', 9.80, 205.80, 'Paid', 'uploads/1757053249_proof.png', '2025-09-05 06:20:49', 'Dine-In'),
(155, 'jeya', '7', 3.25, 68.25, 'Paid', 'uploads/1757059368_proof.png', '2025-09-05 08:02:48', 'Dine-In'),
(156, 'irfan', '1', 3.25, 68.25, 'Paid', 'uploads/1757060391_proof.png', '2025-09-05 08:19:51', 'Dine-In'),
(157, 'irfan', '1', 3.25, 68.25, 'Paid', 'uploads/1757060578_proof.png', '2025-09-05 08:22:58', 'Dine-In'),
(158, 'indhu', '7', 1.25, 26.25, 'Paid', 'uploads/1757061147_proof.png', '2025-09-05 08:32:27', 'Dine-In'),
(159, 'maha', '3', 1.25, 26.25, 'Paid', 'uploads/1757061213_proof.png', '2025-09-05 08:33:33', 'Dine-In'),
(160, 'jeya', '7', 3.25, 68.25, 'Paid', 'uploads/1757061838_proof.png', '2025-09-05 08:43:58', 'Dine-In'),
(161, 'charm', '3', 3.25, 68.25, 'Paid', 'uploads/1757062050_proof.png', '2025-09-05 08:47:31', 'Dine-In'),
(162, 'irfan', '1', 3.25, 68.25, 'Paid', 'uploads/1757062082_proof.png', '2025-09-05 08:48:02', 'Dine-In'),
(163, 'jeya', '3', 3.25, 68.25, 'Paid', 'uploads/1757062244_proof.png', '2025-09-05 08:50:44', 'Dine-In'),
(164, 'maha', '7', 3.25, 68.25, 'Paid', 'uploads/1757079306_proof.png', '2025-09-05 13:35:06', 'Dine-In'),
(165, 'irfan', '5', 3.75, 78.75, 'Paid', 'uploads/1757085839_proof.png', '2025-09-05 15:23:59', 'Dine-In'),
(166, 'maha', '5', 3.25, 68.25, 'Paid', 'uploads/1757086870_proof.png', '2025-09-05 15:41:10', 'Dine-In'),
(167, 'irfan', '7', 2.50, 52.50, 'Paid', 'uploads/1757087696_proof.png', '2025-09-05 15:54:56', 'Dine-In'),
(168, 'irfan', '1', 2.75, 57.75, 'Paid', 'uploads/1757087821_proof.png', '2025-09-05 15:57:01', 'Dine-In'),
(169, 'irfan', '5', 2.50, 52.50, 'Paid', 'uploads/1757087982_proof.png', '2025-09-05 15:59:42', 'Dine-In'),
(170, 'jeya', '4', 5.75, 120.75, 'Preparing', 'uploads/1757156961_proof.png', '2025-09-06 11:09:21', 'Dine-In'),
(171, 'maha', '7', 3.25, 68.25, 'Paid', 'uploads/1757169018_proof.png', '2025-09-06 14:30:18', 'Dine-In'),
(172, 'maha', '1', 1.50, 31.50, 'Paid', 'uploads/1757173121_proof.png', '2025-09-06 15:38:41', 'Dine-In'),
(173, 'maha', '7', 1.50, 31.50, 'Paid', 'uploads/1757173262_proof.png', '2025-09-06 15:41:02', 'Dine-In'),
(174, 'irfan', '3', 4.25, 89.25, 'Paid', 'uploads/1757338895_proof.png', '2025-09-08 13:41:35', 'Dine-In'),
(175, 'maha', '5', 3.25, 68.25, 'Paid', 'uploads/1757341553_proof.png', '2025-09-08 14:25:53', 'Dine-In'),
(176, 'irfan', '1', 3.75, 78.75, 'Paid', 'uploads/1757341635_proof.png', '2025-09-08 14:27:15', 'Dine-In'),
(177, 'maha', '3', 5.00, 366.45, 'Pending', NULL, '2025-09-08 14:52:42', 'Dine-In'),
(178, 'maha', '1', 5.00, 366.45, 'Pending', NULL, '2025-09-08 14:54:02', 'Dine-In'),
(179, 'maha', '5', 5.00, 366.45, 'Pending', NULL, '2025-09-08 16:21:03', 'Dine-In'),
(180, 'maha', '7', 5.00, 366.45, 'Pending', NULL, '2025-09-08 16:24:01', 'Dine-In'),
(181, 'maha', '5', 3.75, 78.75, 'Paid', 'uploads/1757425779_proof.png', '2025-09-09 13:49:39', 'Dine-In'),
(182, 'irfan', '1', 5.00, 366.45, 'Pending', NULL, '2025-09-09 13:50:10', 'Dine-In'),
(183, 'irfan', '7', 1.50, 31.50, 'Paid', 'uploads/1757430538_proof.png', '2025-09-09 15:08:58', 'Dine-In'),
(184, 'jeya', '3', 3.00, 63.00, 'Paid', 'uploads/1757430571_proof.png', '2025-09-09 15:09:31', 'Dine-In'),
(185, 'irfan', '5', 5.00, 366.45, 'Pending', NULL, '2025-09-09 15:10:02', 'Dine-In'),
(186, 'jeya', '1', 6.65, 139.65, 'Paid', 'uploads/1757431773_proof.png', '2025-09-09 15:29:33', 'Dine-In'),
(187, 'maha', '7', 2.75, 57.75, 'Paid', 'uploads/1757432878_proof.png', '2025-09-09 15:47:58', 'Dine-In'),
(188, 'maha', '5', 3.75, 78.75, 'Paid', 'uploads/1757509653_proof.png', '2025-09-10 13:07:33', 'Dine-In'),
(189, 'maha', '7', 5.00, 366.45, 'Pending', NULL, '2025-09-11 08:16:20', 'Dine-In'),
(190, 'maha', '7', 3.25, 68.25, 'Paid', 'uploads/1757580020_proof.png', '2025-09-11 08:40:20', 'Dine-In'),
(191, 'maha', '5', 3.25, 68.25, 'Paid', 'uploads/1757580990_proof.png', '2025-09-11 08:56:30', 'Dine-In'),
(192, 'charm', '4', 3.25, 68.25, 'Paid', 'uploads/1757581461_proof.png', '2025-09-11 09:04:21', 'Dine-In'),
(193, 'irfan', '1', 3.25, 68.25, 'Paid', 'uploads/1757598282_proof.png', '2025-09-11 13:44:42', 'Dine-In'),
(194, 'jeya', '5', 3.25, 68.25, 'Paid', 'uploads/1757598528_proof.png', '2025-09-11 13:48:48', 'Dine-In'),
(195, 'hari', '3', 3.40, 71.40, 'Paid', 'uploads/1757598708_proof.png', '2025-09-11 13:51:48', 'Dine-In'),
(196, 'irfan', '3', 3.00, 63.00, 'Paid', 'uploads/1757605556_proof.png', '2025-09-11 15:45:56', 'Dine-In'),
(197, 'irfan', '1', 3.75, 78.75, 'Paid', 'uploads/1757607529_proof.png', '2025-09-11 16:18:49', 'Dine-In'),
(198, 'charm', '3', 5.00, 366.45, 'Pending', NULL, '2025-09-12 06:08:28', 'Dine-In'),
(199, 'irfan', '4', 3.25, 68.25, 'Paid', 'uploads/1757657363_proof.png', '2025-09-12 06:09:23', 'Dine-In'),
(200, 'irfan', '6', 5.00, 366.45, 'Pending', NULL, '2025-09-12 06:28:16', 'Dine-In'),
(201, 'irfan', '3', 5.00, 366.45, 'Pending', NULL, '2025-09-12 08:23:32', 'Dine-In'),
(202, 'jeya', '3', 5.00, 366.45, 'Pending', NULL, '2025-09-12 08:24:08', 'Dine-In'),
(203, 'irfan', '4', 5.00, 366.45, 'Pending', NULL, '2025-09-12 08:25:02', 'Dine-In'),
(204, 'jeya', '5', 5.00, 366.45, 'Pending', NULL, '2025-09-12 14:58:34', 'Dine-In'),
(205, 'maha', '7', 5.00, 366.45, 'Pending', NULL, '2025-09-12 14:59:25', 'Dine-In'),
(206, 'jeya', '3', 5.00, 732.90, 'Pending', NULL, '2025-09-12 14:59:41', 'Dine-In'),
(207, 'irfan', '1', 5.00, 366.45, 'Pending', NULL, '2025-09-12 15:04:04', 'Dine-In'),
(208, 'maha', '5', 5.00, 366.45, 'Pending', NULL, '2025-09-12 15:07:20', 'Dine-In'),
(209, 'maha', '5', 0.00, 0.00, 'Paid', 'uploads/1757691445_proof.png', '2025-09-12 15:37:25', 'Dine-In'),
(210, 'maha', '5', 0.00, 0.00, 'Paid', 'uploads/1757692031_proof.png', '2025-09-12 15:47:11', 'Dine-In'),
(211, 'maha', '3', 0.00, 0.00, 'Paid', 'uploads/1757836860_proof.png', '2025-09-14 08:01:00', 'Dine-In'),
(212, 'maha', '3', 2.75, 57.75, 'Paid', 'uploads/1757838549_proof.png', '2025-09-14 08:29:09', 'Dine-In'),
(213, 'irfan', '7', 0.00, 0.00, 'Paid', 'uploads/1757838583_proof.png', '2025-09-14 08:29:43', 'Dine-In'),
(214, 'irfan', '4', 3.50, 73.50, 'Paid', 'uploads/1757839831_proof.png', '2025-09-14 08:50:31', 'Dine-In'),
(215, 'maha', '5', 3.00, 63.00, 'Paid', 'uploads/1757857424_proof.png', '2025-09-14 13:43:44', 'Dine-In'),
(216, 'jeya', '5', 0.00, 0.00, 'Paid', 'uploads/1757857443_proof.png', '2025-09-14 13:44:03', 'Dine-In'),
(217, 'irfan', '5', 0.00, 0.00, 'Paid', 'uploads/1757858209_proof.png', '2025-09-14 13:56:49', 'Dine-In'),
(218, 'hari', '5', 2.75, 57.75, 'Paid', 'uploads/1757858238_proof.png', '2025-09-14 13:57:18', 'Dine-In'),
(219, 'maha', '6', 2.75, 57.75, 'Paid', 'uploads/1757858929_proof.png', '2025-09-14 14:08:49', 'Dine-In'),
(220, 'irfan', '1', 0.00, 0.00, 'Paid', 'uploads/1757859245_proof.png', '2025-09-14 14:14:05', 'Dine-In'),
(221, 'irfan', '7', 0.00, 0.00, 'Paid', 'uploads/1757859504_proof.png', '2025-09-14 14:18:24', 'Dine-In'),
(222, 'maha', '1', 0.00, 0.00, 'Paid', 'uploads/1757859557_proof.png', '2025-09-14 14:19:17', 'Dine-In'),
(223, 'jeya', '4', 3.25, 68.25, 'Paid', 'uploads/1757859795_proof.png', '2025-09-14 14:23:15', 'Dine-In'),
(224, 'irfan', '7', 0.00, 0.00, 'Paid', 'uploads/1757860889_proof.png', '2025-09-14 14:41:29', 'Dine-In'),
(225, 'irfan', '5', 0.00, 0.00, 'Paid', 'uploads/1757860903_proof.png', '2025-09-14 14:41:43', 'Dine-In'),
(226, 'maha', '7', 0.00, 0.00, 'Paid', 'uploads/1757861089_proof.png', '2025-09-14 14:44:49', 'Dine-In'),
(227, 'irfan', '5', 0.00, 0.00, 'Paid', 'uploads/1757861150_proof.png', '2025-09-14 14:45:50', 'Dine-In'),
(228, 'irfan', '5', 0.00, 0.00, 'Paid', 'uploads/1757861155_proof.png', '2025-09-14 14:45:55', 'Dine-In'),
(229, 'maha', '6', 0.00, 0.00, 'Paid', 'uploads/1757861189_proof.png', '2025-09-14 14:46:29', 'Dine-In'),
(230, 'maha', '5', 2.50, 52.50, 'Paid', 'uploads/1757861213_proof.png', '2025-09-14 14:46:53', 'Dine-In'),
(231, 'irfan', '4', 2.75, 57.75, 'Paid', 'uploads/1757933207_proof.png', '2025-09-15 10:46:47', 'Dine-In'),
(232, 'irfan', '7', 0.00, 0.00, 'Paid', 'uploads/1757933243_proof.png', '2025-09-15 10:47:23', 'Dine-In'),
(233, 'maha', '5', 2.75, 57.75, 'Paid', 'uploads/1757935977_proof.png', '2025-09-15 11:32:57', 'Dine-In'),
(234, 'maha', '3', 0.00, 0.00, 'Paid', 'uploads/1757935999_proof.png', '2025-09-15 11:33:19', 'Dine-In'),
(235, 'maha', '1', 2.75, 57.75, 'Paid', 'uploads/1758030220_proof.png', '2025-09-16 13:43:40', 'Dine-In'),
(236, 'maha', '7', 0.00, 0.00, 'Paid', 'uploads/1758030240_proof.png', '2025-09-16 13:44:00', 'Dine-In'),
(237, 'maha', '1', 0.00, 0.00, 'Paid', 'uploads/1758030948_proof.png', '2025-09-16 13:55:48', 'Dine-In'),
(238, 'maha', '7', 2.75, 57.75, 'Paid', 'uploads/1758030967_proof.png', '2025-09-16 13:56:07', 'Dine-In'),
(239, 'maha', '1', 5.00, 57.75, 'Paid', 'uploads/1758031115_proof.png', '2025-09-16 13:58:35', 'Dine-In'),
(240, 'maha', '1', 5.00, 0.00, 'Paid', 'uploads/1758031134_proof.png', '2025-09-16 13:58:54', 'Dine-In'),
(241, 'hari', '4', 5.00, 52.50, 'Paid', 'uploads/1758289259_proof.png', '2025-09-19 13:40:59', 'Dine-In'),
(242, 'maha', '7', 5.00, 0.00, 'Paid', 'uploads/1758289293_proof.png', '2025-09-19 13:41:33', 'Dine-In'),
(243, 'maha', '7', 5.00, 0.00, 'Paid', 'uploads/1758289977_proof.png', '2025-09-19 13:52:57', 'Dine-In'),
(244, 'maha', '3', 5.00, 52.50, 'Paid', 'uploads/1758289999_proof.png', '2025-09-19 13:53:19', 'Dine-In'),
(245, 'irfan', '5', 5.00, 57.75, 'Paid', 'uploads/1758290370_proof.png', '2025-09-19 13:59:30', 'Dine-In'),
(246, 'jeya', '1', 5.00, 0.00, 'Paid', 'uploads/1758290395_proof.png', '2025-09-19 13:59:55', 'Dine-In'),
(247, 'maha', '5', 5.00, 0.00, 'Paid', 'uploads/1758291160_proof.png', '2025-09-19 14:12:40', 'Dine-In'),
(248, 'jeya', '3', 5.00, 52.50, 'Paid', 'uploads/1758291186_proof.png', '2025-09-19 14:13:06', 'Dine-In'),
(249, 'irfan', '7', 5.00, 110.25, 'Paid', 'uploads/1758291640_proof.png', '2025-09-19 14:20:40', 'Dine-In'),
(250, 'ggdgd', '5', 5.00, 0.00, 'Paid', 'uploads/1758291672_proof.png', '2025-09-19 14:21:12', 'Dine-In'),
(251, 'maha', '7', 5.00, 0.00, 'Paid', 'uploads/1758291924_proof.png', '2025-09-19 14:25:24', 'Dine-In'),
(252, 'maha', '1', 5.00, 157.50, 'Paid', 'uploads/1758291961_proof.png', '2025-09-19 14:26:01', 'Dine-In'),
(253, 'jeya', '6', 5.00, 52.50, 'Paid', 'uploads/1758370203_proof.png', '2025-09-20 12:10:03', 'Dine-In'),
(254, 'maha', '7', 5.00, 0.00, 'Paid', 'uploads/1758370219_proof.png', '2025-09-20 12:10:19', 'Dine-In'),
(255, 'irfan', '1', 5.00, 0.00, 'Paid', 'uploads/1758370978_proof.png', '2025-09-20 12:22:58', 'Dine-In'),
(256, 'maha', '1', 5.00, 0.00, 'Paid', 'uploads/1758371066_proof.png', '2025-09-20 12:24:26', 'Dine-In'),
(257, 'irfan', '3', 5.00, 52.50, 'Paid', 'uploads/1758371087_proof.png', '2025-09-20 12:24:47', 'Dine-In'),
(258, 'irfan', '7', 5.00, 57.75, 'Paid', 'uploads/1758371146_proof.png', '2025-09-20 12:25:46', 'Dine-In'),
(259, 'maha', '5', 5.00, 0.00, 'Paid', 'uploads/1758372494_proof.png', '2025-09-20 12:48:14', 'Dine-In'),
(260, 'maha', '7', 5.00, 0.00, 'Paid', 'uploads/1758373011_proof.png', '2025-09-20 12:56:51', 'Dine-In'),
(261, 'maha', '1', 5.00, 57.75, 'Paid', 'uploads/1758437716_proof.png', '2025-09-21 06:55:16', 'Dine-In'),
(262, 'maha', '1', 5.00, 78.75, 'Paid', 'uploads/1758635735_proof.png', '2025-09-23 13:55:35', 'Dine-In'),
(263, 'maha', '1', 5.00, 366.45, 'Pending', NULL, '2025-09-23 13:56:08', 'Dine-In'),
(264, 'maha', '1', 5.00, 0.00, 'Paid', 'uploads/1758635831_proof.png', '2025-09-23 13:57:11', 'Dine-In'),
(265, 'irfan', '5', 5.00, 366.45, 'Pending', NULL, '2025-09-23 14:01:50', 'Dine-In'),
(266, 'maha', '7', 5.00, 366.45, 'Pending', NULL, '2025-09-23 14:04:03', 'Dine-In'),
(267, 'maha', '7', 5.00, 366.45, 'Pending', NULL, '2025-09-23 14:06:44', 'Dine-In'),
(268, 'maha', '7', 5.00, 366.45, 'Pending', NULL, '2025-09-23 14:11:39', 'Dine-In'),
(269, 'maha', '1', 5.00, 732.90, 'Pending', NULL, '2025-09-23 14:23:10', 'Dine-In'),
(270, 'maha', '7', 5.00, 366.45, 'Pending', NULL, '2025-09-23 14:24:07', 'Dine-In'),
(271, 'maha', '1', 5.00, 366.45, 'Pending', NULL, '2025-09-23 14:27:43', 'Dine-In'),
(272, 'maha', '1', 5.00, 366.45, 'Pending', NULL, '2025-09-23 14:39:38', 'Dine-In'),
(273, 'irfan', '1', 5.00, 366.45, 'Pending', NULL, '2025-09-23 14:42:15', 'Dine-In'),
(274, 'maha', '1', 5.00, 366.45, 'Pending', NULL, '2025-09-23 14:46:18', 'Dine-In'),
(275, 'hari', '7', 5.00, 366.45, 'Pending', NULL, '2025-09-23 14:46:40', 'Dine-In'),
(276, 'maha', '7', 5.00, 78.75, 'Pending', NULL, '2025-09-23 14:49:04', 'Dine-In'),
(277, 'maha', '5', 5.00, 91.35, 'Preparing', NULL, '2025-09-23 15:07:02', 'Dine-In'),
(278, 'irfan', '1', 5.00, 366.45, 'Pending', NULL, '2025-09-23 15:31:33', 'Dine-In'),
(279, 'irfan', '1', 5.00, 366.45, 'Pending', NULL, '2025-09-23 15:41:45', 'Dine-In'),
(280, 'maha', '5', 5.00, 366.45, 'Pending', NULL, '2025-09-23 16:01:38', 'Dine-In'),
(281, 'maha', '5', 5.00, 366.45, 'Pending', NULL, '2025-09-23 16:03:05', 'Dine-In'),
(282, 'jeya', '3', 5.00, 366.45, 'Pending', NULL, '2025-09-23 16:04:54', 'Dine-In'),
(283, 'jeya', '3', 5.00, 366.45, 'Pending', NULL, '2025-09-23 16:06:17', 'Dine-In'),
(284, 'jeya', '1', 5.00, 0.00, 'Paid', 'uploads/1758644474_proof.png', '2025-09-23 16:21:14', 'Dine-In'),
(285, 'maha', '5', 5.00, 366.45, 'Pending', NULL, '2025-09-23 16:21:47', 'Dine-In'),
(286, 'irfan', '3', 5.00, 68.25, 'Paid', 'uploads/1758644564_proof.png', '2025-09-23 16:22:44', 'Dine-In'),
(287, 'maha', '1', 5.00, 366.45, 'Pending', NULL, '2025-09-23 16:22:57', 'Dine-In'),
(288, 'maha', '1', 5.00, 366.45, 'Pending', NULL, '2025-09-23 16:23:24', 'Dine-In'),
(289, 'maha', '6', 5.00, 84.00, 'Pending', NULL, '2025-09-23 16:23:40', 'Dine-In'),
(290, 'irfan', '5', 5.00, 366.45, 'Pending', NULL, '2025-09-23 16:24:52', 'Dine-In'),
(291, 'maha', '3', 5.00, 68.25, 'Paid', 'uploads/1758644717_proof.png', '2025-09-23 16:25:17', 'Dine-In'),
(292, 'maha', '7', 5.00, 68.25, 'Paid', 'uploads/1758644746_proof.png', '2025-09-23 16:25:46', 'Dine-In'),
(293, 'irfan', '1', 5.00, 68.25, 'Pending', NULL, '2025-09-24 14:26:05', 'Dine-In'),
(294, 'maha', '5', 5.00, 366.45, 'Pending', NULL, '2025-09-24 14:26:18', 'Dine-In'),
(295, 'maha', '1', 5.00, 366.45, 'Pending', NULL, '2025-09-24 14:37:07', 'Dine-In'),
(296, 'jeya', '3', 5.00, 68.25, 'Pending', NULL, '2025-09-24 14:37:18', 'Dine-In'),
(297, 'irfan', '4', 5.00, 366.45, 'Pending', NULL, '2025-09-24 14:47:18', 'Dine-In'),
(298, 'maha', '7', 5.00, 0.00, 'Paid', 'uploads/1758809525_proof.png', '2025-09-25 14:12:05', 'Dine-In'),
(299, 'maha', '5', 0.00, 0.00, 'Paid', 'uploads/1758810783_proof.png', '2025-09-25 14:33:04', 'Dine-In'),
(300, 'jeya', '3', 0.00, 0.00, 'Paid', 'uploads/1758811193_proof.png', '2025-09-25 14:39:53', 'Dine-In'),
(301, 'jeya', '4', 3.15, 66.15, 'Paid', 'uploads/1758811286_proof.png', '2025-09-25 14:41:26', 'Dine-In'),
(302, 'maha', '3', 5.00, 366.45, 'Pending', NULL, '2025-09-25 14:41:39', 'Dine-In'),
(303, 'irfan', '4', 5.00, 366.45, 'Pending', NULL, '2025-09-25 14:43:27', 'Dine-In'),
(304, 'irfan', '3', 3.25, 68.25, 'Paid', 'uploads/1758811821_proof.png', '2025-09-25 14:50:21', 'Dine-In'),
(305, 'charm', '4', 3.15, 66.15, 'Paid', 'uploads/1758811940_proof.png', '2025-09-25 14:52:20', 'Dine-In'),
(306, 'maha', '6', 5.00, 366.45, 'Pending', NULL, '2025-09-25 15:26:39', 'Dine-In'),
(307, 'irfan', '3', 3.25, 68.25, 'Paid', 'uploads/1758814062_proof.png', '2025-09-25 15:27:42', 'Dine-In'),
(308, 'Irfana', '7', 3.25, 68.25, 'Paid', 'uploads/1758980859_proof.png', '2025-09-27 13:47:39', 'Dine-In'),
(309, 'irfan', '4', 4.00, 84.00, 'Paid', 'uploads/1759070756_proof.png', '2025-09-28 14:45:56', 'Dine-In'),
(310, 'charm', '6', 4.40, 92.40, 'Paid', 'uploads/1759071340_proof.png', '2025-09-28 14:55:40', 'Dine-In'),
(311, 'maha', '3', 17.45, 366.45, 'Paid', 'uploads/1759071613_proof.png', '2025-09-28 15:00:13', 'Dine-In'),
(312, 'maha', '3', 3.40, 71.40, 'Paid', 'uploads/1759071669_proof.png', '2025-09-28 15:01:09', 'Dine-In'),
(313, 'jeya', '3', 3.25, 68.25, 'Paid', 'uploads/1759080477_proof.png', '2025-09-28 17:27:57', 'Dine-In'),
(314, 'irfan', '6', 3.25, 68.25, 'Paid', 'uploads/1759081795_proof.png', '2025-09-28 17:49:55', 'Dine-In'),
(315, 'irfan', '5', 17.45, 366.45, 'Paid', 'uploads/1759081829_proof.png', '2025-09-28 17:50:29', 'Dine-In'),
(316, 'maha', '3', 17.45, 366.45, 'Paid', 'uploads/1759082558_proof.png', '2025-09-28 18:02:38', 'Dine-In'),
(317, 'jeya', '5', 3.25, 68.25, 'Paid', 'uploads/1759082685_proof.png', '2025-09-28 18:04:45', 'Dine-In'),
(318, 'jeya', '3', 4.25, 89.25, 'Preparing', 'uploads/1759082818_proof.png', '2025-09-28 18:06:58', 'Dine-In'),
(319, 'maha', '7', 3.25, 68.25, 'Paid', 'uploads/1759089231_proof.png', '2025-09-28 19:53:51', 'Dine-In'),
(320, 'irfan', '5', 3.25, 68.25, 'Ready', 'uploads/1759089395_proof.png', '2025-09-28 19:56:35', 'Dine-In'),
(321, 'jeya', '3', 3.25, 68.25, 'Paid', 'uploads/1759583621_proof.png', '2025-10-04 13:13:41', 'Dine-In'),
(322, 'irfan', '5', 17.45, 366.45, 'Paid', 'uploads/1759583657_proof.png', '2025-10-04 13:14:17', 'Dine-In'),
(323, 'maha', '3', 17.45, 366.45, 'Ready', 'uploads/1759584462_proof.png', '2025-10-04 13:27:42', 'Dine-In'),
(324, 'irfan', '6', 3.50, 73.50, 'Paid', 'uploads/1759584503_proof.png', '2025-10-04 13:28:23', 'Dine-In'),
(325, 'maha', '6', 3.50, 73.50, 'Paid', 'uploads/1759584583_proof.png', '2025-10-04 13:29:43', 'Dine-In'),
(326, 'charm', '3', 3.00, 63.00, 'Paid', 'uploads/1759585520_proof.png', '2025-10-04 13:45:20', 'Dine-In'),
(327, 'irfan', '3', 3.25, 68.25, 'Paid', 'uploads/1759585746_proof.png', '2025-10-04 13:49:06', 'Dine-In'),
(328, 'irfan', '7', 3.25, 68.25, 'Paid', 'uploads/1759586202_proof.png', '2025-10-04 13:56:42', 'Dine-In'),
(329, 'irfan', '7', 3.75, 78.75, 'Paid', 'uploads/1759586281_proof.png', '2025-10-04 13:58:01', 'Dine-In'),
(330, 'irfan', '1', 17.45, 366.45, 'Paid', 'uploads/1759586420_proof.png', '2025-10-04 14:00:20', 'Dine-In'),
(331, 'irfan', '5', 17.45, 366.45, 'Paid', 'uploads/1759586500_proof.png', '2025-10-04 14:01:40', 'Dine-In'),
(332, 'ggdgd', '1', 17.45, 366.45, 'Paid', 'uploads/1759586642_proof.png', '2025-10-04 14:04:02', 'Dine-In'),
(333, 'maha', '3', 17.45, 366.45, 'Paid', 'uploads/1759845668_proof.png', '2025-10-07 14:01:08', 'Dine-In'),
(334, 'irfan', '4', 4.00, 84.00, 'Paid', 'uploads/1759845719_proof.png', '2025-10-07 14:01:59', 'Dine-In'),
(335, 'irfan', '4', 4.00, 84.00, 'Ready', 'uploads/1759847190_proof.png', '2025-10-07 14:26:30', 'Dine-In'),
(336, 'charm', '3', 4.00, 84.00, 'Ready', 'uploads/1759847629_proof.png', '2025-10-07 14:33:49', 'Dine-In'),
(337, 'irfan', '5', 17.45, 366.45, 'Ready', 'uploads/1759848035_proof.png', '2025-10-07 14:40:35', 'Dine-In'),
(338, 'jeya', '5', 3.25, 68.25, 'Ready', 'uploads/1759848158_proof.png', '2025-10-07 14:42:38', 'Dine-In'),
(339, 'irfan', '5', 17.45, 366.45, 'Ready', 'uploads/1759854063_proof.png', '2025-10-07 16:21:04', 'Dine-In'),
(340, 'jeya', '7', 3.25, 68.25, 'Ready', 'uploads/1759854345_proof.png', '2025-10-07 16:25:45', 'Dine-In'),
(341, 'irfan', '5', 3.15, 66.15, 'Paid', 'uploads/1759855855_proof.png', '2025-10-07 16:50:55', 'Dine-In'),
(342, 'irfan', '3', 2.00, 42.00, 'Ready', 'uploads/1759937677_proof.png', '2025-10-08 15:34:37', 'Dine-In'),
(343, 'irfan', '5', 17.45, 366.45, 'Ready', 'uploads/1759938404_proof.png', '2025-10-08 15:46:44', 'Dine-In'),
(344, 'irfan', '5', 3.25, 68.25, 'Ready', 'uploads/1759940038_proof.png', '2025-10-08 16:13:58', 'Dine-In'),
(345, 'irfan', '6', 3.15, 66.15, 'Ready', 'uploads/1759940494_proof.png', '2025-10-08 16:21:34', 'Dine-In'),
(346, 'irfan', '6', 3.15, 66.15, 'Ready', 'uploads/1759940984_proof.png', '2025-10-08 16:29:44', 'Dine-In'),
(347, 'maha', '7', 3.25, 68.25, 'Ready', 'uploads/1759943202_proof.png', '2025-10-08 17:06:42', 'Dine-In'),
(348, 'maha', '1', 3.75, 78.75, 'Ready', 'uploads/1759943449_proof.png', '2025-10-08 17:10:49', 'Dine-In'),
(349, 'maha', '5', 17.45, 366.45, 'Ready', 'uploads/1759944123_proof.png', '2025-10-08 17:22:03', 'Dine-In'),
(350, 'maha', '1', 17.45, 366.45, 'Ready', 'uploads/1760014823_proof.png', '2025-10-09 13:00:23', 'Dine-In'),
(351, 'irfan', '3', 3.50, 73.50, 'Ready', 'uploads/1760015183_proof.png', '2025-10-09 13:06:23', 'Dine-In'),
(352, 'irfan', '7', 4.00, 84.00, 'Ready', 'uploads/1760016745_proof.png', '2025-10-09 13:32:25', 'Dine-In'),
(353, 'irfan', '7', 3.75, 78.75, 'Ready', 'uploads/1760017183_proof.png', '2025-10-09 13:39:43', 'Dine-In'),
(354, 'irfan', '1', 3.75, 78.75, 'Ready', 'uploads/1760017391_proof.png', '2025-10-09 13:43:11', 'Dine-In'),
(355, 'jeya', '7', 4.50, 94.50, 'Ready', 'uploads/1760017874_proof.png', '2025-10-09 13:51:14', 'Dine-In'),
(356, 'irfan', '1', 3.25, 68.25, 'Ready', 'uploads/1760018223_proof.png', '2025-10-09 13:57:03', 'Dine-In'),
(357, 'irfan', '1', 3.25, 68.25, 'Ready', 'uploads/1760019275_proof.png', '2025-10-09 14:14:35', 'Dine-In'),
(358, 'irfan', '7', 3.25, 68.25, 'Ready', 'uploads/1760021774_proof.png', '2025-10-09 14:56:14', 'Dine-In'),
(359, 'maha', '5', 17.45, 366.45, 'Ready', 'uploads/1760022137_proof.png', '2025-10-09 15:02:17', 'Dine-In'),
(360, 'maha', '4', 17.45, 366.45, 'Ready', 'uploads/1760022517_proof.png', '2025-10-09 15:08:37', 'Dine-In'),
(361, 'maha', '7', 17.45, 366.45, 'Ready', 'uploads/1760024780_proof.png', '2025-10-09 15:46:20', 'Dine-In'),
(362, 'maha', '7', 17.45, 366.45, 'Paid', 'uploads/1760024810_proof.png', '2025-10-09 15:46:50', 'Dine-In'),
(363, 'irfan', '7', 3.25, 68.25, 'Paid', 'uploads/1760024831_proof.png', '2025-10-09 15:47:11', 'Dine-In'),
(364, 'irfan', '7', 3.50, 73.50, 'Paid', 'uploads/1760025591_proof.png', '2025-10-09 15:59:51', 'Dine-In'),
(365, 'maha', '1', 3.40, 71.40, 'Ready', 'uploads/1760031698_proof.png', '2025-10-09 17:41:38', 'Dine-In'),
(366, 'maha', '7', 3.00, 63.00, 'Paid', 'uploads/1760032019_proof.png', '2025-10-09 17:46:59', 'Dine-In'),
(367, 'maha', '7', 3.25, 68.25, 'Paid', 'uploads/1760032254_proof.png', '2025-10-09 17:50:54', 'Dine-In'),
(368, 'irfan', '7', 1.50, 31.50, 'Paid', 'uploads/1760032368_proof.png', '2025-10-09 17:52:48', 'Dine-In'),
(369, 'maha', '7', 3.75, 78.75, 'Paid', 'uploads/1760034717_proof.png', '2025-10-09 18:31:57', 'Dine-In'),
(370, 'maha', '4', 3.75, 78.75, 'Ready', 'uploads/1760035325_proof.png', '2025-10-09 18:42:05', 'Dine-In'),
(371, 'maha', '3', 1.50, 31.50, 'Paid', 'uploads/1760035411_proof.png', '2025-10-09 18:43:31', 'Dine-In'),
(372, 'maha', '1', 2.75, 57.75, 'Paid', 'uploads/1760035609_proof.png', '2025-10-09 18:46:49', 'Dine-In'),
(373, 'irfan', '5', 2.75, 57.75, 'Paid', 'uploads/1760035660_proof.png', '2025-10-09 18:47:40', 'Dine-In'),
(374, 'irfan', '1', 3.00, 63.00, 'Paid', 'uploads/1760096156_proof.png', '2025-10-10 11:35:56', 'Dine-In'),
(375, 'maha', '7', 2.75, 57.75, 'Paid', 'uploads/1760096230_proof.png', '2025-10-10 11:37:10', 'Dine-In'),
(376, 'maha', '7', 17.45, 366.45, 'Paid', 'uploads/1760096556_proof.png', '2025-10-10 11:42:36', 'Dine-In'),
(377, 'maha', '7', 4.50, 94.50, 'Paid', 'uploads/1760097471_proof.png', '2025-10-10 11:57:51', 'Dine-In'),
(378, 'irfan', '1', 3.25, 68.25, 'Ready', 'uploads/1760352522_proof.png', '2025-10-13 10:48:42', 'Dine-In'),
(379, 'maha', '7', 17.45, 366.45, 'Ready', 'uploads/1760352646_proof.png', '2025-10-13 10:50:46', 'Dine-In'),
(380, 'maha', '7', 3.50, 73.50, 'Paid', 'uploads/1760353701_proof.png', '2025-10-13 11:08:21', 'Dine-In'),
(381, 'irfan', '7', 17.45, 366.45, 'Paid', 'uploads/1760356959_proof.png', '2025-10-13 12:02:39', 'Dine-In'),
(382, 'maha', '7', 17.45, 366.45, 'Ready', 'uploads/1760357115_proof.png', '2025-10-13 12:05:15', 'Dine-In'),
(383, 'irfan', '7', 17.45, 366.45, 'Paid', 'uploads/1760358992_proof.png', '2025-10-13 12:36:32', 'Dine-In'),
(384, 'maha', '7', 17.45, 366.45, 'Ready', 'uploads/1760364773_proof.png', '2025-10-13 14:12:53', 'Dine-In'),
(385, 'maha', '7', 3.25, 68.25, 'Paid', 'uploads/1760367153_proof.png', '2025-10-13 14:52:33', 'Dine-In'),
(386, 'maha', '7', 3.75, 78.75, 'Paid', 'uploads/1760367526_proof.png', '2025-10-13 14:58:46', 'Dine-In'),
(387, 'maha', '1', 3.75, 78.75, 'Paid', 'uploads/1760367982_proof.png', '2025-10-13 15:06:22', 'Dine-In'),
(388, 'maha', '1', 3.75, 78.75, 'Pending', NULL, '2025-10-13 15:14:44', 'Takeaway'),
(389, 'maha', '7', 4.50, 94.50, 'Paid', 'uploads/1760369274_proof.png', '2025-10-13 15:27:54', 'Dine-In'),
(390, 'jeya', '3', 3.50, 73.50, 'Paid', 'uploads/1760369487_proof.png', '2025-10-13 15:31:27', 'Dine-In'),
(391, 'maha', '1', 5.00, 429.45, 'Pending', NULL, '2025-10-13 15:35:09', 'Takeaway'),
(392, 'maha', '7', 4.25, 89.25, 'Paid', 'uploads/1760372934_proof.png', '2025-10-13 16:28:54', 'Dine-In'),
(393, 'maha', '7', 3.75, 78.75, 'Paid', 'uploads/1760373139_proof.png', '2025-10-13 16:32:19', 'Dine-In'),
(394, 'maha', '7', 3.50, 73.50, 'Paid', 'uploads/1760373608_proof.png', '2025-10-13 16:40:08', 'Dine-In'),
(395, 'irfan', '5', 2.75, 57.75, 'Paid', 'uploads/1760374785_proof.png', '2025-10-13 16:59:45', 'Dine-In'),
(396, 'maha', '4', 2.50, 52.50, 'Paid', 'uploads/1760375505_proof.png', '2025-10-13 17:11:45', 'Dine-In'),
(397, 'irfan', '1', 2.75, 57.75, 'Paid', 'uploads/1760375860_proof.png', '2025-10-13 17:17:40', 'Dine-In'),
(398, 'maha', '7', 3.50, 73.50, 'Paid', 'uploads/1760376376_proof.png', '2025-10-13 17:26:16', 'Dine-In'),
(399, 'jeya', '1', 5.00, 445.20, 'Pending', NULL, '2025-10-13 17:59:33', 'Takeaway'),
(400, 'irfan', '3', 1.50, 31.50, 'Ready', 'uploads/1760381499_proof.png', '2025-10-13 18:51:39', 'Takeaway'),
(401, 'maha', '3', 3.25, 68.25, 'Ready', 'uploads/1760381665_proof.png', '2025-10-13 18:54:25', 'Dine-In'),
(402, 'irfan', '3', 7.25, 152.25, 'Ready', 'uploads/1760384756_proof.png', '2025-10-13 19:45:56', 'Takeaway'),
(403, 'jeya', '3', 17.45, 366.45, 'Ready', 'uploads/1760384994_proof.png', '2025-10-13 19:49:54', 'Dine-In'),
(404, 'hari', '3', 17.45, 366.45, 'Ready', 'uploads/1760385168_proof.png', '2025-10-13 19:52:48', 'Takeaway'),
(405, 'maha', '4', 4.00, 84.00, 'Ready', 'uploads/1760385349_proof.png', '2025-10-13 19:55:49', 'Dine-In'),
(406, 'viswa', '4', 7.60, 159.60, 'Ready', 'uploads/1760385480_proof.png', '2025-10-13 19:58:00', 'Dine-In'),
(407, 'irfana', '6', 4.50, 94.50, 'Ready', 'uploads/1760385599_proof.png', '2025-10-13 19:59:59', 'Takeaway'),
(408, 'charm', '10', 3.00, 63.00, 'Ready', 'uploads/1760385717_proof.png', '2025-10-13 20:01:57', 'Dine-In'),
(409, 'Gayu', '4', 3.75, 78.75, 'Ready', 'uploads/1760385793_proof.png', '2025-10-13 20:03:13', 'Takeaway'),
(410, 'hari', '3', 17.45, 366.45, 'Ready', 'uploads/1760385922_proof.png', '2025-10-13 20:05:22', 'Dine-In'),
(411, 'irfana', '7', 17.45, 366.45, 'Ready', 'uploads/1760387595_proof.png', '2025-10-13 20:33:15', 'Takeaway'),
(412, 'maha', '3', 6.40, 134.40, 'Ready', 'uploads/1760387800_proof.png', '2025-10-13 20:36:40', 'Dine-In'),
(413, 'irfan', '6', 3.25, 68.25, 'Ready', 'uploads/1760411684_proof.png', '2025-10-14 03:14:44', 'Takeaway'),
(414, 'jeya', '6', 17.45, 366.45, 'Ready', 'uploads/1760411748_proof.png', '2025-10-14 03:15:48', 'Takeaway'),
(415, 'Aparna', '1', 3.00, 63.00, 'Ready', 'uploads/1760415895_proof.png', '2025-10-14 04:24:55', 'Dine-In'),
(416, 'maha', '7', 3.50, 73.50, 'Ready', 'uploads/1760420177_proof.png', '2025-10-14 05:36:17', 'Takeaway'),
(417, 'maha', '5', 3.75, 78.75, 'Paid', 'uploads/1760420399_proof.png', '2025-10-14 05:39:59', 'Dine-In');

-- --------------------------------------------------------

--
-- Table structure for table `order_items`
--

CREATE TABLE `order_items` (
  `id` int(11) NOT NULL,
  `order_id` int(11) NOT NULL,
  `menu_id` int(11) NOT NULL,
  `item_name` varchar(255) DEFAULT NULL,
  `quantity` int(11) NOT NULL,
  `price` decimal(10,2) NOT NULL,
  `parent_item_id` int(11) DEFAULT NULL,
  `menu_customizations` text DEFAULT NULL,
  `category_id` int(11) DEFAULT 0,
  `subtotal` decimal(10,2) NOT NULL DEFAULT 0.00
) ENGINE=InnoDB DEFAULT CHARSET=utf8mb4 COLLATE=utf8mb4_general_ci;

--
-- Dumping data for table `order_items`
--

INSERT INTO `order_items` (`id`, `order_id`, `menu_id`, `item_name`, `quantity`, `price`, `parent_item_id`, `menu_customizations`, `category_id`, `subtotal`) VALUES
(1, 1, 2, NULL, 1, 70.00, NULL, NULL, 0, 0.00),
(2, 2, 3, NULL, 1, 55.00, NULL, NULL, 0, 0.00),
(3, 9, 3, NULL, 0, 55.00, NULL, NULL, 0, 0.00),
(4, 9, 4, NULL, 0, 50.00, NULL, NULL, 0, 0.00),
(5, 9, 1, NULL, 0, 60.00, NULL, NULL, 0, 0.00),
(6, 9, 2, NULL, 1, 70.00, NULL, NULL, 0, 0.00),
(7, 10, 17, NULL, 0, 75.00, NULL, NULL, 0, 0.00),
(8, 10, 18, NULL, 0, 65.00, NULL, NULL, 0, 0.00),
(9, 10, 15, NULL, 0, 70.00, NULL, NULL, 0, 0.00),
(10, 10, 16, NULL, 1, 75.00, NULL, NULL, 0, 0.00),
(11, 11, 3, NULL, 0, 55.00, NULL, NULL, 0, 0.00),
(12, 11, 4, NULL, 1, 50.00, NULL, NULL, 0, 0.00),
(13, 11, 1, NULL, 0, 60.00, NULL, NULL, 0, 0.00),
(14, 11, 2, NULL, 0, 70.00, NULL, NULL, 0, 0.00),
(15, 12, 13, NULL, 0, 75.00, NULL, NULL, 0, 0.00),
(16, 12, 12, NULL, 0, 80.00, NULL, NULL, 0, 0.00),
(17, 12, 14, NULL, 1, 65.00, NULL, NULL, 0, 0.00),
(18, 13, 3, NULL, 0, 55.00, NULL, NULL, 0, 0.00),
(19, 13, 4, NULL, 1, 50.00, NULL, NULL, 0, 0.00),
(20, 13, 1, NULL, 0, 60.00, NULL, NULL, 0, 0.00),
(21, 13, 2, NULL, 0, 70.00, NULL, NULL, 0, 0.00),
(22, 14, 7, NULL, 0, 30.00, NULL, NULL, 0, 0.00),
(23, 14, 6, NULL, 0, 60.00, NULL, NULL, 0, 0.00),
(24, 14, 5, NULL, 0, 25.00, NULL, NULL, 0, 0.00),
(25, 14, 11, NULL, 0, 55.00, NULL, NULL, 0, 0.00),
(26, 14, 10, NULL, 0, 65.00, NULL, NULL, 0, 0.00),
(27, 14, 8, NULL, 1, 40.00, NULL, NULL, 0, 0.00),
(28, 14, 9, NULL, 0, 60.00, NULL, NULL, 0, 0.00),
(29, 15, 3, NULL, 1, 55.00, NULL, NULL, 0, 0.00),
(30, 15, 4, NULL, 0, 50.00, NULL, NULL, 0, 0.00),
(31, 15, 1, NULL, 0, 60.00, NULL, NULL, 0, 0.00),
(32, 15, 2, NULL, 0, 70.00, NULL, NULL, 0, 0.00),
(33, 16, 3, NULL, 1, 55.00, NULL, NULL, 0, 0.00),
(34, 16, 4, NULL, 0, 50.00, NULL, NULL, 0, 0.00),
(35, 16, 1, NULL, 0, 60.00, NULL, NULL, 0, 0.00),
(36, 16, 2, NULL, 0, 70.00, NULL, NULL, 0, 0.00),
(37, 17, 13, NULL, 0, 75.00, NULL, NULL, 0, 0.00),
(38, 17, 12, NULL, 1, 80.00, NULL, NULL, 0, 0.00),
(39, 17, 14, NULL, 0, 65.00, NULL, NULL, 0, 0.00),
(40, 18, 3, NULL, 1, 55.00, NULL, NULL, 0, 0.00),
(41, 18, 4, NULL, 0, 50.00, NULL, NULL, 0, 0.00),
(42, 18, 1, NULL, 1, 60.00, NULL, NULL, 0, 0.00),
(43, 18, 2, NULL, 0, 70.00, NULL, NULL, 0, 0.00),
(44, 19, 3, NULL, 1, 55.00, NULL, NULL, 0, 0.00),
(45, 19, 4, NULL, 0, 50.00, NULL, NULL, 0, 0.00),
(46, 19, 1, NULL, 0, 60.00, NULL, NULL, 0, 0.00),
(47, 19, 2, NULL, 0, 70.00, NULL, NULL, 0, 0.00),
(48, 20, 3, NULL, 1, 55.00, NULL, NULL, 0, 0.00),
(49, 20, 4, NULL, 0, 50.00, NULL, NULL, 0, 0.00),
(50, 20, 1, NULL, 0, 60.00, NULL, NULL, 0, 0.00),
(51, 20, 2, NULL, 0, 70.00, NULL, NULL, 0, 0.00),
(52, 21, 3, NULL, 1, 55.00, NULL, NULL, 0, 0.00),
(53, 21, 4, NULL, 0, 50.00, NULL, NULL, 0, 0.00),
(54, 21, 1, NULL, 1, 60.00, NULL, NULL, 0, 0.00),
(55, 21, 2, NULL, 0, 70.00, NULL, NULL, 0, 0.00),
(56, 22, 7, NULL, 1, 30.00, NULL, NULL, 0, 0.00),
(57, 22, 6, NULL, 0, 60.00, NULL, NULL, 0, 0.00),
(58, 22, 5, NULL, 0, 25.00, NULL, NULL, 0, 0.00),
(59, 22, 11, NULL, 0, 55.00, NULL, NULL, 0, 0.00),
(60, 22, 10, NULL, 0, 65.00, NULL, NULL, 0, 0.00),
(61, 22, 8, NULL, 0, 40.00, NULL, NULL, 0, 0.00),
(62, 22, 9, NULL, 0, 60.00, NULL, NULL, 0, 0.00),
(63, 23, 3, NULL, 1, 55.00, NULL, NULL, 0, 0.00),
(64, 23, 4, NULL, 0, 50.00, NULL, NULL, 0, 0.00),
(65, 23, 1, NULL, 0, 60.00, NULL, NULL, 0, 0.00),
(66, 23, 2, NULL, 1, 70.00, NULL, NULL, 0, 0.00),
(67, 24, 17, NULL, 2, 75.00, NULL, NULL, 0, 0.00),
(68, 24, 18, NULL, 1, 65.00, NULL, NULL, 0, 0.00),
(69, 24, 15, NULL, 1, 70.00, NULL, NULL, 0, 0.00),
(70, 24, 16, NULL, 1, 75.00, NULL, NULL, 0, 0.00),
(71, 25, 3, NULL, 1, 55.00, NULL, NULL, 0, 0.00),
(72, 25, 4, NULL, 0, 50.00, NULL, NULL, 0, 0.00),
(73, 25, 1, NULL, 0, 60.00, NULL, NULL, 0, 0.00),
(74, 25, 2, NULL, 0, 70.00, NULL, NULL, 0, 0.00),
(75, 26, 3, NULL, 1, 55.00, NULL, NULL, 0, 0.00),
(76, 26, 4, NULL, 0, 50.00, NULL, NULL, 0, 0.00),
(77, 26, 1, NULL, 0, 60.00, NULL, NULL, 0, 0.00),
(78, 26, 2, NULL, 0, 70.00, NULL, NULL, 0, 0.00),
(79, 27, 3, NULL, 1, 55.00, NULL, NULL, 0, 0.00),
(80, 27, 4, NULL, 0, 50.00, NULL, NULL, 0, 0.00),
(81, 27, 1, NULL, 0, 60.00, NULL, NULL, 0, 0.00),
(82, 27, 2, NULL, 0, 70.00, NULL, NULL, 0, 0.00),
(83, 28, 3, NULL, 1, 55.00, NULL, NULL, 0, 0.00),
(84, 28, 4, NULL, 0, 50.00, NULL, NULL, 0, 0.00),
(85, 28, 1, NULL, 0, 60.00, NULL, NULL, 0, 0.00),
(86, 28, 2, NULL, 0, 70.00, NULL, NULL, 0, 0.00),
(87, 29, 3, NULL, 0, 55.00, NULL, NULL, 0, 0.00),
(88, 29, 4, NULL, 0, 50.00, NULL, NULL, 0, 0.00),
(89, 29, 1, NULL, 1, 60.00, NULL, NULL, 0, 0.00),
(90, 29, 2, NULL, 0, 70.00, NULL, NULL, 0, 0.00),
(91, 30, 7, NULL, 2, 30.00, NULL, NULL, 0, 0.00),
(92, 30, 6, NULL, 0, 60.00, NULL, NULL, 0, 0.00),
(93, 30, 5, NULL, 0, 25.00, NULL, NULL, 0, 0.00),
(94, 30, 11, NULL, 0, 55.00, NULL, NULL, 0, 0.00),
(95, 30, 10, NULL, 0, 65.00, NULL, NULL, 0, 0.00),
(96, 30, 8, NULL, 0, 40.00, NULL, NULL, 0, 0.00),
(97, 30, 9, NULL, 0, 60.00, NULL, NULL, 0, 0.00),
(98, 31, 7, NULL, 0, 30.00, NULL, NULL, 0, 0.00),
(99, 31, 6, NULL, 0, 60.00, NULL, NULL, 0, 0.00),
(100, 31, 5, NULL, 0, 25.00, NULL, NULL, 0, 0.00),
(101, 31, 11, NULL, 0, 55.00, NULL, NULL, 0, 0.00),
(102, 31, 10, NULL, 0, 65.00, NULL, NULL, 0, 0.00),
(103, 31, 8, NULL, 1, 40.00, NULL, NULL, 0, 0.00),
(104, 31, 9, NULL, 0, 60.00, NULL, NULL, 0, 0.00),
(105, 32, 17, NULL, 0, 75.00, NULL, NULL, 0, 0.00),
(106, 32, 18, NULL, 0, 65.00, NULL, NULL, 0, 0.00),
(107, 32, 15, NULL, 1, 70.00, NULL, NULL, 0, 0.00),
(108, 32, 16, NULL, 0, 75.00, NULL, NULL, 0, 0.00),
(109, 33, 17, NULL, 1, 75.00, NULL, NULL, 0, 0.00),
(110, 33, 18, NULL, 0, 65.00, NULL, NULL, 0, 0.00),
(111, 33, 15, NULL, 0, 70.00, NULL, NULL, 0, 0.00),
(112, 33, 16, NULL, 0, 75.00, NULL, NULL, 0, 0.00),
(113, 34, 17, NULL, 1, 75.00, NULL, NULL, 0, 0.00),
(114, 34, 18, NULL, 0, 65.00, NULL, NULL, 0, 0.00),
(115, 34, 15, NULL, 0, 70.00, NULL, NULL, 0, 0.00),
(116, 34, 16, NULL, 0, 75.00, NULL, NULL, 0, 0.00),
(117, 35, 3, NULL, 1, 55.00, NULL, NULL, 0, 0.00),
(118, 35, 4, NULL, 0, 50.00, NULL, NULL, 0, 0.00),
(119, 35, 1, NULL, 0, 60.00, NULL, NULL, 0, 0.00),
(120, 35, 2, NULL, 0, 70.00, NULL, NULL, 0, 0.00),
(121, 36, 7, NULL, 0, 30.00, NULL, NULL, 0, 0.00),
(122, 36, 6, NULL, 0, 60.00, NULL, NULL, 0, 0.00),
(123, 36, 5, NULL, 0, 25.00, NULL, NULL, 0, 0.00),
(124, 36, 11, NULL, 1, 55.00, NULL, NULL, 0, 0.00),
(125, 36, 10, NULL, 0, 65.00, NULL, NULL, 0, 0.00),
(126, 36, 8, NULL, 0, 40.00, NULL, NULL, 0, 0.00),
(127, 36, 9, NULL, 0, 60.00, NULL, NULL, 0, 0.00),
(128, 37, 3, NULL, 1, 55.00, NULL, NULL, 0, 0.00),
(129, 37, 4, NULL, 0, 50.00, NULL, NULL, 0, 0.00),
(130, 37, 1, NULL, 0, 60.00, NULL, NULL, 0, 0.00),
(131, 37, 2, NULL, 0, 70.00, NULL, NULL, 0, 0.00),
(132, 38, 3, NULL, 0, 55.00, NULL, NULL, 0, 0.00),
(133, 38, 4, NULL, 0, 50.00, NULL, NULL, 0, 0.00),
(134, 38, 1, NULL, 1, 60.00, NULL, NULL, 0, 0.00),
(135, 38, 2, NULL, 0, 70.00, NULL, NULL, 0, 0.00),
(136, 39, 3, NULL, 1, 55.00, NULL, NULL, 0, 0.00),
(137, 39, 4, NULL, 0, 50.00, NULL, NULL, 0, 0.00),
(138, 39, 1, NULL, 0, 60.00, NULL, NULL, 0, 0.00),
(139, 39, 2, NULL, 0, 70.00, NULL, NULL, 0, 0.00),
(140, 40, 3, NULL, 0, 55.00, NULL, NULL, 0, 0.00),
(141, 40, 4, NULL, 1, 50.00, NULL, NULL, 0, 0.00),
(142, 40, 1, NULL, 0, 60.00, NULL, NULL, 0, 0.00),
(143, 40, 2, NULL, 0, 70.00, NULL, NULL, 0, 0.00),
(144, 41, 15, NULL, 1, 70.00, NULL, NULL, 0, 0.00),
(145, 42, 3, NULL, 1, 55.00, NULL, NULL, 0, 0.00),
(146, 42, 4, NULL, 0, 50.00, NULL, NULL, 0, 0.00),
(147, 42, 1, NULL, 0, 60.00, NULL, NULL, 0, 0.00),
(148, 42, 2, NULL, 0, 70.00, NULL, NULL, 0, 0.00),
(149, 43, 7, NULL, 1, 30.00, NULL, NULL, 0, 0.00),
(150, 43, 6, NULL, 0, 60.00, NULL, NULL, 0, 0.00),
(151, 43, 5, NULL, 0, 25.00, NULL, NULL, 0, 0.00),
(152, 43, 11, NULL, 0, 55.00, NULL, NULL, 0, 0.00),
(153, 43, 10, NULL, 0, 65.00, NULL, NULL, 0, 0.00),
(154, 43, 8, NULL, 0, 40.00, NULL, NULL, 0, 0.00),
(155, 43, 9, NULL, 0, 60.00, NULL, NULL, 0, 0.00),
(156, 44, 3, NULL, 1, 55.00, NULL, NULL, 0, 0.00),
(157, 44, 4, NULL, 0, 50.00, NULL, NULL, 0, 0.00),
(158, 44, 1, NULL, 0, 60.00, NULL, NULL, 0, 0.00),
(159, 44, 2, NULL, 0, 70.00, NULL, NULL, 0, 0.00),
(160, 45, 3, NULL, 0, 55.00, NULL, NULL, 0, 0.00),
(161, 45, 4, NULL, 0, 50.00, NULL, NULL, 0, 0.00),
(162, 45, 1, NULL, 0, 60.00, NULL, NULL, 0, 0.00),
(163, 45, 2, NULL, 1, 70.00, NULL, NULL, 0, 0.00),
(164, 46, 17, NULL, 0, 75.00, NULL, NULL, 0, 0.00),
(165, 46, 18, NULL, 0, 65.00, NULL, NULL, 0, 0.00),
(166, 46, 15, NULL, 0, 70.00, NULL, NULL, 0, 0.00),
(167, 46, 16, NULL, 1, 75.00, NULL, NULL, 0, 0.00),
(168, 47, 17, NULL, 0, 75.00, NULL, NULL, 0, 0.00),
(169, 47, 18, NULL, 0, 65.00, NULL, NULL, 0, 0.00),
(170, 47, 15, NULL, 1, 70.00, NULL, NULL, 0, 0.00),
(171, 47, 16, NULL, 0, 75.00, NULL, NULL, 0, 0.00),
(172, 48, 17, NULL, 0, 75.00, NULL, NULL, 0, 0.00),
(173, 48, 18, NULL, 0, 65.00, NULL, NULL, 0, 0.00),
(174, 48, 15, NULL, 0, 70.00, NULL, NULL, 0, 0.00),
(175, 48, 16, NULL, 1, 75.00, NULL, NULL, 0, 0.00),
(176, 49, 17, NULL, 0, 75.00, NULL, NULL, 0, 0.00),
(177, 49, 18, NULL, 0, 65.00, NULL, NULL, 0, 0.00),
(178, 49, 15, NULL, 1, 70.00, NULL, NULL, 0, 0.00),
(179, 49, 16, NULL, 1, 75.00, NULL, NULL, 0, 0.00),
(180, 50, 7, NULL, 1, 30.00, NULL, NULL, 0, 0.00),
(181, 50, 6, NULL, 0, 60.00, NULL, NULL, 0, 0.00),
(182, 50, 5, NULL, 0, 25.00, NULL, NULL, 0, 0.00),
(183, 50, 11, NULL, 0, 55.00, NULL, NULL, 0, 0.00),
(184, 50, 10, NULL, 0, 65.00, NULL, NULL, 0, 0.00),
(185, 50, 8, NULL, 0, 40.00, NULL, NULL, 0, 0.00),
(186, 50, 9, NULL, 0, 60.00, NULL, NULL, 0, 0.00),
(187, 58, 3, NULL, 1, 55.00, NULL, NULL, 0, 0.00),
(188, 58, 4, NULL, 1, 50.00, NULL, NULL, 0, 0.00),
(189, 58, 1, NULL, 0, 60.00, NULL, NULL, 0, 0.00),
(190, 58, 2, NULL, 0, 70.00, NULL, NULL, 0, 0.00),
(191, 59, 3, NULL, 1, 55.00, NULL, NULL, 0, 0.00),
(192, 59, 4, NULL, 1, 50.00, NULL, NULL, 0, 0.00),
(193, 59, 1, NULL, 0, 60.00, NULL, NULL, 0, 0.00),
(194, 59, 2, NULL, 0, 70.00, NULL, NULL, 0, 0.00),
(195, 60, 3, NULL, 1, 55.00, NULL, NULL, 0, 0.00),
(196, 60, 4, NULL, 0, 50.00, NULL, NULL, 0, 0.00),
(197, 60, 1, NULL, 0, 60.00, NULL, NULL, 0, 0.00),
(198, 60, 2, NULL, 0, 70.00, NULL, NULL, 0, 0.00),
(199, 61, 17, NULL, 0, 75.00, NULL, NULL, 0, 0.00),
(200, 61, 18, NULL, 0, 65.00, NULL, NULL, 0, 0.00),
(201, 61, 15, NULL, 0, 70.00, NULL, NULL, 0, 0.00),
(202, 61, 16, NULL, 1, 75.00, NULL, NULL, 0, 0.00),
(203, 62, 1, NULL, 1, 60.00, NULL, NULL, 0, 0.00),
(204, 63, 17, NULL, 0, 75.00, NULL, NULL, 0, 0.00),
(205, 63, 18, NULL, 0, 65.00, NULL, NULL, 0, 0.00),
(206, 63, 15, NULL, 0, 70.00, NULL, NULL, 0, 0.00),
(207, 63, 16, NULL, 1, 75.00, NULL, NULL, 0, 0.00),
(208, 64, 3, NULL, 0, 55.00, NULL, NULL, 0, 0.00),
(209, 64, 4, NULL, 0, 50.00, NULL, NULL, 0, 0.00),
(210, 64, 1, NULL, 1, 60.00, NULL, NULL, 0, 0.00),
(211, 64, 2, NULL, 0, 70.00, NULL, NULL, 0, 0.00),
(212, 65, 1, NULL, 1, 60.00, NULL, NULL, 0, 0.00),
(213, 66, 2, NULL, 1, 70.00, NULL, NULL, 0, 0.00),
(214, 67, 3, NULL, 0, 55.00, NULL, NULL, 0, 0.00),
(215, 67, 4, NULL, 0, 50.00, NULL, NULL, 0, 0.00),
(216, 67, 1, NULL, 0, 60.00, NULL, NULL, 0, 0.00),
(217, 67, 2, NULL, 1, 70.00, NULL, NULL, 0, 0.00),
(218, 68, 3, NULL, 0, 55.00, NULL, NULL, 0, 0.00),
(219, 68, 4, NULL, 0, 50.00, NULL, NULL, 0, 0.00),
(220, 68, 1, NULL, 0, 60.00, NULL, NULL, 0, 0.00),
(221, 68, 2, NULL, 1, 70.00, NULL, NULL, 0, 0.00),
(222, 69, 1, NULL, 1, 60.00, NULL, NULL, 0, 0.00),
(223, 70, 3, NULL, 0, 55.00, NULL, NULL, 0, 0.00),
(224, 70, 4, NULL, 1, 50.00, NULL, NULL, 0, 0.00),
(225, 70, 1, NULL, 0, 60.00, NULL, NULL, 0, 0.00),
(226, 70, 2, NULL, 0, 70.00, NULL, NULL, 0, 0.00),
(227, 71, 3, NULL, 0, 55.00, NULL, NULL, 0, 0.00),
(228, 71, 4, NULL, 0, 50.00, NULL, NULL, 0, 0.00),
(229, 71, 1, NULL, 1, 60.00, NULL, NULL, 0, 0.00),
(230, 71, 2, NULL, 0, 70.00, NULL, NULL, 0, 0.00),
(231, 72, 3, NULL, 0, 55.00, NULL, NULL, 0, 0.00),
(232, 72, 4, NULL, 1, 50.00, NULL, NULL, 0, 0.00),
(233, 72, 1, NULL, 0, 60.00, NULL, NULL, 0, 0.00),
(234, 72, 2, NULL, 0, 70.00, NULL, NULL, 0, 0.00),
(235, 73, 3, NULL, 0, 55.00, NULL, NULL, 0, 0.00),
(236, 73, 4, NULL, 0, 50.00, NULL, NULL, 0, 0.00),
(237, 73, 1, NULL, 0, 60.00, NULL, NULL, 0, 0.00),
(238, 73, 2, NULL, 1, 70.00, NULL, NULL, 0, 0.00),
(239, 74, 1, NULL, 1, 60.00, NULL, NULL, 0, 0.00),
(240, 75, 17, NULL, 0, 75.00, NULL, NULL, 0, 0.00),
(241, 75, 18, NULL, 0, 65.00, NULL, NULL, 0, 0.00),
(242, 75, 15, NULL, 1, 70.00, NULL, NULL, 0, 0.00),
(243, 75, 16, NULL, 0, 75.00, NULL, NULL, 0, 0.00),
(244, 76, 1, NULL, 1, 60.00, NULL, NULL, 0, 0.00),
(245, 77, 3, NULL, 0, 55.00, NULL, NULL, 0, 0.00),
(246, 77, 4, NULL, 0, 50.00, NULL, NULL, 0, 0.00),
(247, 77, 1, NULL, 1, 60.00, NULL, NULL, 0, 0.00),
(248, 77, 2, NULL, 0, 70.00, NULL, NULL, 0, 0.00),
(249, 78, 3, NULL, 1, 55.00, NULL, NULL, 0, 0.00),
(250, 78, 4, NULL, 0, 50.00, NULL, NULL, 0, 0.00),
(251, 78, 1, NULL, 0, 60.00, NULL, NULL, 0, 0.00),
(252, 78, 2, NULL, 0, 70.00, NULL, NULL, 0, 0.00),
(253, 79, 1, NULL, 1, 60.00, NULL, NULL, 0, 0.00),
(254, 80, 3, NULL, 0, 55.00, NULL, NULL, 0, 0.00),
(255, 80, 4, NULL, 0, 50.00, NULL, NULL, 0, 0.00),
(256, 80, 1, NULL, 0, 60.00, NULL, NULL, 0, 0.00),
(257, 80, 2, NULL, 1, 70.00, NULL, NULL, 0, 0.00),
(258, 81, 1, NULL, 1, 60.00, NULL, NULL, 0, 0.00),
(259, 82, 17, NULL, 0, 75.00, NULL, NULL, 0, 0.00),
(260, 82, 18, NULL, 0, 65.00, NULL, NULL, 0, 0.00),
(261, 82, 15, NULL, 1, 70.00, NULL, NULL, 0, 0.00),
(262, 82, 16, NULL, 0, 75.00, NULL, NULL, 0, 0.00),
(263, 83, 3, NULL, 0, 55.00, NULL, NULL, 0, 0.00),
(264, 83, 4, NULL, 0, 50.00, NULL, NULL, 0, 0.00),
(265, 83, 1, NULL, 1, 60.00, NULL, NULL, 0, 0.00),
(266, 83, 2, NULL, 0, 70.00, NULL, NULL, 0, 0.00),
(267, 84, 17, NULL, 0, 75.00, NULL, NULL, 0, 0.00),
(268, 84, 18, NULL, 0, 65.00, NULL, NULL, 0, 0.00),
(269, 84, 15, NULL, 1, 70.00, NULL, NULL, 0, 0.00),
(270, 84, 16, NULL, 1, 75.00, NULL, NULL, 0, 0.00),
(271, 85, 5, NULL, 1, 349.00, NULL, NULL, 0, 0.00),
(272, 86, 5, NULL, 1, 349.00, NULL, NULL, 0, 0.00),
(273, 87, 3, NULL, 0, 55.00, NULL, NULL, 0, 0.00),
(274, 87, 4, NULL, 1, 50.00, NULL, NULL, 0, 0.00),
(275, 87, 1, NULL, 1, 60.00, NULL, NULL, 0, 0.00),
(276, 87, 2, NULL, 0, 70.00, NULL, NULL, 0, 0.00),
(277, 89, 3, NULL, 1, 55.00, NULL, NULL, 0, 0.00),
(278, 89, 4, NULL, 0, 50.00, NULL, NULL, 0, 0.00),
(279, 89, 1, NULL, 0, 60.00, NULL, NULL, 0, 0.00),
(280, 89, 2, NULL, 0, 70.00, NULL, NULL, 0, 0.00),
(281, 90, 3, NULL, 0, 55.00, NULL, NULL, 0, 0.00),
(282, 90, 4, NULL, 0, 50.00, NULL, NULL, 0, 0.00),
(283, 90, 1, NULL, 1, 60.00, NULL, NULL, 0, 0.00),
(284, 90, 2, NULL, 0, 70.00, NULL, NULL, 0, 0.00),
(285, 91, 5, 'The Bloom Platter', 1, 349.00, NULL, NULL, 0, 0.00),
(286, 92, 5, 'The Bloom Platter', 1, 349.00, NULL, NULL, 0, 0.00),
(287, 93, 5, 'The Bloom Platter', 1, 349.00, NULL, NULL, 0, 0.00),
(292, 99, 3, NULL, 0, 55.00, NULL, NULL, 0, 0.00),
(293, 99, 4, NULL, 0, 50.00, NULL, NULL, 0, 0.00),
(294, 99, 1, NULL, 1, 60.00, NULL, NULL, 0, 0.00),
(295, 99, 2, NULL, 0, 70.00, NULL, NULL, 0, 0.00),
(296, 103, 3, NULL, 2, 55.00, NULL, NULL, 0, 0.00),
(297, 103, 4, NULL, 1, 50.00, NULL, NULL, 0, 0.00),
(298, 103, 1, NULL, 0, 60.00, NULL, NULL, 0, 0.00),
(299, 103, 2, NULL, 0, 70.00, NULL, NULL, 0, 0.00),
(300, 110, 26, '0', 1, 349.00, NULL, NULL, 0, 0.00),
(301, 111, 26, 'The Bloom Platter', 0, 349.00, NULL, NULL, 0, 0.00),
(302, 113, 26, 'The Bloom Platter', 2, 349.00, NULL, NULL, 0, 0.00),
(303, 114, 17, NULL, 0, 75.00, NULL, NULL, 0, 0.00),
(304, 114, 18, NULL, 1, 65.00, NULL, NULL, 0, 0.00),
(305, 114, 15, NULL, 2, 70.00, NULL, NULL, 0, 0.00),
(306, 114, 16, NULL, 1, 75.00, NULL, NULL, 0, 0.00),
(307, 115, 17, NULL, 0, 75.00, NULL, NULL, 0, 0.00),
(308, 115, 18, NULL, 0, 65.00, NULL, NULL, 0, 0.00),
(309, 115, 15, NULL, 0, 70.00, NULL, NULL, 0, 0.00),
(310, 115, 16, NULL, 1, 75.00, NULL, NULL, 0, 0.00),
(311, 116, 3, NULL, 0, 55.00, NULL, NULL, 0, 0.00),
(312, 116, 4, NULL, 0, 50.00, NULL, NULL, 0, 0.00),
(313, 116, 1, NULL, 1, 60.00, NULL, NULL, 0, 0.00),
(314, 116, 2, NULL, 0, 70.00, NULL, NULL, 0, 0.00),
(315, 117, 3, NULL, 0, 55.00, NULL, NULL, 0, 0.00),
(316, 117, 4, NULL, 1, 50.00, NULL, NULL, 0, 0.00),
(317, 117, 1, NULL, 1, 60.00, NULL, NULL, 0, 0.00),
(318, 117, 2, NULL, 0, 70.00, NULL, NULL, 0, 0.00),
(319, 118, 3, NULL, 0, 55.00, NULL, NULL, 0, 0.00),
(320, 118, 4, NULL, 0, 50.00, NULL, NULL, 0, 0.00),
(321, 118, 1, NULL, 1, 60.00, NULL, NULL, 0, 0.00),
(322, 118, 2, NULL, 0, 70.00, NULL, NULL, 0, 0.00),
(323, 119, 3, NULL, 0, 55.00, NULL, NULL, 0, 0.00),
(324, 119, 4, NULL, 0, 50.00, NULL, NULL, 0, 0.00),
(325, 119, 1, NULL, 1, 60.00, NULL, NULL, 0, 0.00),
(326, 119, 2, NULL, 0, 70.00, NULL, NULL, 0, 0.00),
(327, 120, 3, NULL, 1, 55.00, NULL, NULL, 0, 0.00),
(328, 120, 4, NULL, 2, 50.00, NULL, NULL, 0, 0.00),
(329, 120, 1, NULL, 1, 60.00, NULL, NULL, 0, 0.00),
(330, 120, 2, NULL, 1, 70.00, NULL, NULL, 0, 0.00),
(331, 121, 26, 'The Bloom Platter', 1, 349.00, NULL, NULL, 0, 0.00),
(332, 122, 3, NULL, 0, 55.00, NULL, NULL, 0, 0.00),
(333, 122, 4, NULL, 1, 50.00, NULL, NULL, 0, 0.00),
(334, 122, 1, NULL, 0, 60.00, NULL, NULL, 0, 0.00),
(335, 122, 2, NULL, 0, 70.00, NULL, NULL, 0, 0.00),
(336, 123, 26, 'The Bloom Platter', 1, 349.00, NULL, NULL, 0, 0.00),
(337, 124, 3, NULL, 1, 55.00, NULL, NULL, 0, 0.00),
(338, 124, 4, NULL, 0, 50.00, NULL, NULL, 0, 0.00),
(339, 124, 1, NULL, 0, 60.00, NULL, NULL, 0, 0.00),
(340, 124, 2, NULL, 0, 70.00, NULL, NULL, 0, 0.00),
(341, 125, 17, NULL, 0, 75.00, NULL, NULL, 0, 0.00),
(342, 125, 18, NULL, 0, 65.00, NULL, NULL, 0, 0.00),
(343, 125, 15, NULL, 1, 70.00, NULL, NULL, 0, 0.00),
(344, 125, 16, NULL, 0, 75.00, NULL, NULL, 0, 0.00),
(345, 126, 26, 'The Bloom Platter', 1, 349.00, NULL, NULL, 0, 0.00),
(346, 127, 3, NULL, 1, 55.00, NULL, NULL, 0, 0.00),
(347, 127, 4, NULL, 2, 50.00, NULL, NULL, 0, 0.00),
(348, 127, 1, NULL, 1, 60.00, NULL, NULL, 0, 0.00),
(349, 127, 2, NULL, 0, 70.00, NULL, NULL, 0, 0.00),
(350, 128, 3, NULL, 1, 55.00, NULL, NULL, 0, 0.00),
(351, 128, 4, NULL, 0, 50.00, NULL, NULL, 0, 0.00),
(352, 128, 1, NULL, 0, 60.00, NULL, NULL, 0, 0.00),
(353, 128, 2, NULL, 0, 70.00, NULL, NULL, 0, 0.00),
(354, 129, 3, NULL, 1, 55.00, NULL, NULL, 0, 0.00),
(355, 129, 4, NULL, 0, 50.00, NULL, NULL, 0, 0.00),
(356, 129, 1, NULL, 0, 60.00, NULL, NULL, 0, 0.00),
(357, 129, 2, NULL, 0, 70.00, NULL, NULL, 0, 0.00),
(358, 130, 17, NULL, 0, 75.00, NULL, NULL, 0, 0.00),
(359, 130, 18, NULL, 0, 65.00, NULL, NULL, 0, 0.00),
(360, 130, 15, NULL, 1, 70.00, NULL, NULL, 0, 0.00),
(361, 130, 16, NULL, 0, 75.00, NULL, NULL, 0, 0.00),
(362, 131, 17, NULL, 0, 75.00, NULL, NULL, 0, 0.00),
(363, 131, 18, NULL, 0, 65.00, NULL, NULL, 0, 0.00),
(364, 131, 15, NULL, 1, 70.00, NULL, NULL, 0, 0.00),
(365, 131, 16, NULL, 0, 75.00, NULL, NULL, 0, 0.00),
(366, 132, 17, NULL, 0, 75.00, NULL, NULL, 0, 0.00),
(367, 132, 18, NULL, 0, 65.00, NULL, NULL, 0, 0.00),
(368, 132, 15, NULL, 0, 70.00, NULL, NULL, 0, 0.00),
(369, 132, 16, NULL, 1, 75.00, NULL, NULL, 0, 0.00),
(370, 133, 17, NULL, 1, 75.00, NULL, NULL, 0, 0.00),
(371, 133, 18, NULL, 0, 65.00, NULL, NULL, 0, 0.00),
(372, 133, 15, NULL, 1, 70.00, NULL, NULL, 0, 0.00),
(373, 133, 16, NULL, 0, 75.00, NULL, NULL, 0, 0.00),
(374, 134, 17, NULL, 0, 75.00, NULL, NULL, 0, 0.00),
(375, 134, 18, NULL, 0, 65.00, NULL, NULL, 0, 0.00),
(376, 134, 15, NULL, 1, 70.00, NULL, NULL, 0, 0.00),
(377, 134, 16, NULL, 0, 75.00, NULL, NULL, 0, 0.00),
(378, 135, 17, NULL, 0, 75.00, NULL, NULL, 0, 0.00),
(379, 135, 18, NULL, 0, 65.00, NULL, NULL, 0, 0.00),
(380, 135, 15, NULL, 1, 70.00, NULL, NULL, 0, 0.00),
(381, 135, 16, NULL, 0, 75.00, NULL, NULL, 0, 0.00),
(382, 136, 17, NULL, 0, 75.00, NULL, NULL, 0, 0.00),
(383, 136, 18, NULL, 0, 65.00, NULL, NULL, 0, 0.00),
(384, 136, 15, NULL, 0, 70.00, NULL, NULL, 0, 0.00),
(385, 136, 16, NULL, 1, 75.00, NULL, NULL, 0, 0.00),
(386, 137, 17, NULL, 0, 75.00, NULL, NULL, 0, 0.00),
(387, 137, 18, NULL, 0, 65.00, NULL, NULL, 0, 0.00),
(388, 137, 15, NULL, 1, 70.00, NULL, NULL, 0, 0.00),
(389, 137, 16, NULL, 0, 75.00, NULL, NULL, 0, 0.00),
(390, 138, 3, NULL, 0, 55.00, NULL, NULL, 0, 0.00),
(391, 138, 4, NULL, 0, 50.00, NULL, NULL, 0, 0.00),
(392, 138, 1, NULL, 1, 60.00, NULL, NULL, 0, 0.00),
(393, 138, 2, NULL, 0, 70.00, NULL, NULL, 0, 0.00),
(394, 139, 3, NULL, 0, 55.00, NULL, NULL, 0, 0.00),
(395, 139, 4, NULL, 1, 50.00, NULL, NULL, 0, 0.00),
(396, 139, 1, NULL, 0, 60.00, NULL, NULL, 0, 0.00),
(397, 139, 2, NULL, 0, 70.00, NULL, NULL, 0, 0.00),
(398, 140, 3, NULL, 0, 55.00, NULL, NULL, 0, 0.00),
(399, 140, 4, NULL, 1, 50.00, NULL, NULL, 0, 0.00),
(400, 140, 1, NULL, 0, 60.00, NULL, NULL, 0, 0.00),
(401, 140, 2, NULL, 0, 70.00, NULL, NULL, 0, 0.00),
(402, 141, 3, NULL, 0, 55.00, NULL, NULL, 0, 0.00),
(403, 141, 4, NULL, 0, 50.00, NULL, NULL, 0, 0.00),
(404, 141, 1, NULL, 1, 60.00, NULL, NULL, 0, 0.00),
(405, 141, 2, NULL, 0, 70.00, NULL, NULL, 0, 0.00),
(406, 142, 3, NULL, 1, 55.00, NULL, NULL, 0, 0.00),
(407, 142, 4, NULL, 0, 50.00, NULL, NULL, 0, 0.00),
(408, 142, 1, NULL, 0, 60.00, NULL, NULL, 0, 0.00),
(409, 142, 2, NULL, 0, 70.00, NULL, NULL, 0, 0.00),
(410, 143, 3, NULL, 1, 55.00, NULL, NULL, 0, 0.00),
(411, 143, 4, NULL, 0, 50.00, NULL, NULL, 0, 0.00),
(412, 143, 1, NULL, 0, 60.00, NULL, NULL, 0, 0.00),
(413, 143, 2, NULL, 0, 70.00, NULL, NULL, 0, 0.00),
(414, 144, 17, NULL, 0, 75.00, NULL, NULL, 0, 0.00),
(415, 144, 18, NULL, 0, 65.00, NULL, NULL, 0, 0.00),
(416, 144, 15, NULL, 0, 70.00, NULL, NULL, 0, 0.00),
(417, 144, 16, NULL, 1, 75.00, NULL, NULL, 0, 0.00),
(418, 145, 17, NULL, 0, 75.00, NULL, NULL, 0, 0.00),
(419, 145, 18, NULL, 0, 65.00, NULL, NULL, 0, 0.00),
(420, 145, 15, NULL, 0, 70.00, NULL, NULL, 0, 0.00),
(421, 145, 16, NULL, 1, 75.00, NULL, NULL, 0, 0.00),
(422, 146, 17, NULL, 0, 75.00, NULL, NULL, 0, 0.00),
(423, 146, 18, NULL, 0, 65.00, NULL, NULL, 0, 0.00),
(424, 146, 15, NULL, 0, 70.00, NULL, NULL, 0, 0.00),
(425, 146, 16, NULL, 1, 75.00, NULL, NULL, 0, 0.00),
(426, 147, 17, NULL, 0, 75.00, NULL, NULL, 0, 0.00),
(427, 147, 18, NULL, 0, 65.00, NULL, NULL, 0, 0.00),
(428, 147, 15, NULL, 0, 70.00, NULL, NULL, 0, 0.00),
(429, 147, 16, NULL, 1, 75.00, NULL, NULL, 0, 0.00),
(430, 148, 3, NULL, 1, 55.00, NULL, NULL, 0, 0.00),
(431, 148, 4, NULL, 0, 50.00, NULL, NULL, 0, 0.00),
(432, 148, 1, NULL, 0, 60.00, NULL, NULL, 0, 0.00),
(433, 148, 2, NULL, 0, 70.00, NULL, NULL, 0, 0.00),
(434, 149, 3, NULL, 0, 55.00, NULL, NULL, 0, 0.00),
(435, 149, 4, NULL, 1, 50.00, NULL, NULL, 0, 0.00),
(436, 149, 1, NULL, 0, 60.00, NULL, NULL, 0, 0.00),
(437, 149, 2, NULL, 0, 70.00, NULL, NULL, 0, 0.00),
(438, 150, 3, NULL, 1, 55.00, NULL, NULL, 0, 0.00),
(439, 150, 4, NULL, 0, 50.00, NULL, NULL, 0, 0.00),
(440, 150, 1, NULL, 0, 60.00, NULL, NULL, 0, 0.00),
(441, 150, 2, NULL, 0, 70.00, NULL, NULL, 0, 0.00),
(442, 151, 3, NULL, 1, 55.00, NULL, NULL, 0, 0.00),
(443, 151, 4, NULL, 0, 50.00, NULL, NULL, 0, 0.00),
(444, 151, 1, NULL, 0, 60.00, NULL, NULL, 0, 0.00),
(445, 151, 2, NULL, 0, 70.00, NULL, NULL, 0, 0.00),
(446, 152, 3, NULL, 1, 55.00, NULL, NULL, 0, 0.00),
(447, 152, 4, NULL, 0, 50.00, NULL, NULL, 0, 0.00),
(448, 152, 1, NULL, 0, 60.00, NULL, NULL, 0, 0.00),
(449, 152, 2, NULL, 1, 70.00, NULL, NULL, 0, 0.00),
(450, 153, 26, 'The Bloom Platter', 1, 349.00, NULL, NULL, 0, 349.00),
(451, 154, 3, NULL, 1, 55.00, NULL, NULL, 0, 0.00),
(452, 154, 4, NULL, 1, 50.00, NULL, NULL, 0, 0.00),
(453, 154, 1, NULL, 1, 60.00, NULL, NULL, 0, 0.00),
(454, 154, 2, NULL, 0, 70.00, NULL, NULL, 0, 0.00),
(455, 155, 3, NULL, 1, 55.00, NULL, NULL, 0, 0.00),
(456, 155, 4, NULL, 0, 50.00, NULL, NULL, 0, 0.00),
(457, 155, 1, NULL, 0, 60.00, NULL, NULL, 0, 0.00),
(458, 155, 2, NULL, 0, 70.00, NULL, NULL, 0, 0.00),
(459, 156, 3, NULL, 1, 55.00, NULL, NULL, 0, 0.00),
(460, 156, 4, NULL, 0, 50.00, NULL, NULL, 0, 0.00),
(461, 156, 1, NULL, 0, 60.00, NULL, NULL, 0, 0.00),
(462, 156, 2, NULL, 0, 70.00, NULL, NULL, 0, 0.00),
(463, 157, 3, NULL, 1, 55.00, NULL, NULL, 0, 0.00),
(464, 157, 4, NULL, 0, 50.00, NULL, NULL, 0, 0.00),
(465, 157, 1, NULL, 0, 60.00, NULL, NULL, 0, 0.00),
(466, 157, 2, NULL, 0, 70.00, NULL, NULL, 0, 0.00),
(467, 158, 7, NULL, 0, 30.00, NULL, NULL, 0, 0.00),
(468, 158, 6, NULL, 0, 60.00, NULL, NULL, 0, 0.00),
(469, 158, 5, NULL, 1, 25.00, NULL, NULL, 0, 0.00),
(470, 158, 11, NULL, 0, 55.00, NULL, NULL, 0, 0.00),
(471, 158, 10, NULL, 0, 65.00, NULL, NULL, 0, 0.00),
(472, 158, 8, NULL, 0, 40.00, NULL, NULL, 0, 0.00),
(473, 158, 9, NULL, 0, 60.00, NULL, NULL, 0, 0.00),
(474, 159, 7, NULL, 0, 30.00, NULL, NULL, 0, 0.00),
(475, 159, 6, NULL, 0, 60.00, NULL, NULL, 0, 0.00),
(476, 159, 5, NULL, 1, 25.00, NULL, NULL, 0, 0.00),
(477, 159, 11, NULL, 0, 55.00, NULL, NULL, 0, 0.00),
(478, 159, 10, NULL, 0, 65.00, NULL, NULL, 0, 0.00),
(479, 159, 8, NULL, 0, 40.00, NULL, NULL, 0, 0.00),
(480, 159, 9, NULL, 0, 60.00, NULL, NULL, 0, 0.00),
(481, 160, 3, NULL, 1, 55.00, NULL, NULL, 0, 0.00),
(482, 160, 4, NULL, 0, 50.00, NULL, NULL, 0, 0.00),
(483, 160, 1, NULL, 0, 60.00, NULL, NULL, 0, 0.00),
(484, 160, 2, NULL, 0, 70.00, NULL, NULL, 0, 0.00),
(485, 161, 3, NULL, 1, 55.00, NULL, NULL, 0, 0.00),
(486, 161, 4, NULL, 0, 50.00, NULL, NULL, 0, 0.00),
(487, 161, 1, NULL, 0, 60.00, NULL, NULL, 0, 0.00),
(488, 161, 2, NULL, 0, 70.00, NULL, NULL, 0, 0.00),
(489, 162, 3, NULL, 1, 55.00, NULL, NULL, 0, 0.00),
(490, 162, 4, NULL, 0, 50.00, NULL, NULL, 0, 0.00),
(491, 162, 1, NULL, 0, 60.00, NULL, NULL, 0, 0.00),
(492, 162, 2, NULL, 0, 70.00, NULL, NULL, 0, 0.00),
(493, 163, 3, NULL, 1, 55.00, NULL, NULL, 0, 0.00),
(494, 163, 4, NULL, 0, 50.00, NULL, NULL, 0, 0.00),
(495, 163, 1, NULL, 0, 60.00, NULL, NULL, 0, 0.00),
(496, 163, 2, NULL, 0, 70.00, NULL, NULL, 0, 0.00),
(497, 164, 3, NULL, 1, 55.00, NULL, NULL, 0, 0.00),
(498, 164, 4, NULL, 0, 50.00, NULL, NULL, 0, 0.00),
(499, 164, 1, NULL, 0, 60.00, NULL, NULL, 0, 0.00),
(500, 164, 2, NULL, 0, 70.00, NULL, NULL, 0, 0.00),
(501, 165, 3, NULL, 1, 55.00, NULL, NULL, 0, 0.00),
(502, 165, 4, NULL, 0, 50.00, NULL, NULL, 0, 0.00),
(503, 165, 1, NULL, 0, 60.00, NULL, NULL, 0, 0.00),
(504, 165, 2, NULL, 0, 70.00, NULL, NULL, 0, 0.00),
(505, 166, 3, NULL, 1, 55.00, NULL, NULL, 0, 0.00),
(506, 166, 4, NULL, 0, 50.00, NULL, NULL, 0, 0.00),
(507, 166, 1, NULL, 0, 60.00, NULL, NULL, 0, 0.00),
(508, 166, 2, NULL, 0, 70.00, NULL, NULL, 0, 0.00),
(509, 167, 3, NULL, 0, 55.00, NULL, NULL, 0, 0.00),
(510, 167, 4, NULL, 1, 50.00, NULL, NULL, 0, 0.00),
(511, 167, 1, NULL, 0, 60.00, NULL, NULL, 0, 0.00),
(512, 167, 2, NULL, 0, 70.00, NULL, NULL, 0, 0.00),
(513, 168, 3, NULL, 1, 55.00, NULL, NULL, 0, 0.00),
(514, 168, 4, NULL, 0, 50.00, NULL, NULL, 0, 0.00),
(515, 168, 1, NULL, 0, 60.00, NULL, NULL, 0, 0.00),
(516, 168, 2, NULL, 0, 70.00, NULL, NULL, 0, 0.00),
(517, 169, 3, NULL, 0, 55.00, NULL, NULL, 0, 0.00),
(518, 169, 4, NULL, 1, 50.00, NULL, NULL, 0, 0.00),
(519, 169, 1, NULL, 0, 60.00, NULL, NULL, 0, 0.00),
(520, 169, 2, NULL, 0, 70.00, NULL, NULL, 0, 0.00),
(521, 170, 3, NULL, 1, 55.00, NULL, NULL, 0, 0.00),
(522, 170, 4, NULL, 1, 50.00, NULL, NULL, 0, 0.00),
(523, 170, 1, NULL, 0, 60.00, NULL, NULL, 0, 0.00),
(524, 170, 2, NULL, 0, 70.00, NULL, NULL, 0, 0.00),
(525, 171, 3, NULL, 1, 55.00, NULL, NULL, 0, 0.00),
(526, 171, 4, NULL, 0, 50.00, NULL, NULL, 0, 0.00),
(527, 171, 1, NULL, 0, 60.00, NULL, NULL, 0, 0.00),
(528, 171, 2, NULL, 0, 70.00, NULL, NULL, 0, 0.00),
(529, 172, 7, NULL, 1, 30.00, NULL, NULL, 0, 0.00),
(530, 172, 6, NULL, 0, 60.00, NULL, NULL, 0, 0.00),
(531, 172, 5, NULL, 0, 25.00, NULL, NULL, 0, 0.00),
(532, 172, 11, NULL, 0, 55.00, NULL, NULL, 0, 0.00),
(533, 172, 10, NULL, 0, 65.00, NULL, NULL, 0, 0.00),
(534, 172, 8, NULL, 0, 40.00, NULL, NULL, 0, 0.00),
(535, 172, 9, NULL, 0, 60.00, NULL, NULL, 0, 0.00),
(536, 173, 7, NULL, 1, 30.00, NULL, NULL, 0, 0.00),
(537, 173, 6, NULL, 0, 60.00, NULL, NULL, 0, 0.00),
(538, 173, 5, NULL, 0, 25.00, NULL, NULL, 0, 0.00),
(539, 173, 11, NULL, 0, 55.00, NULL, NULL, 0, 0.00),
(540, 173, 10, NULL, 0, 65.00, NULL, NULL, 0, 0.00),
(541, 173, 8, NULL, 0, 40.00, NULL, NULL, 0, 0.00),
(542, 173, 9, NULL, 0, 60.00, NULL, NULL, 0, 0.00),
(543, 174, 3, NULL, 0, 55.00, NULL, NULL, 0, 0.00),
(544, 174, 4, NULL, 0, 50.00, NULL, NULL, 0, 0.00),
(545, 174, 1, NULL, 0, 60.00, NULL, NULL, 0, 0.00),
(546, 174, 2, NULL, 1, 70.00, NULL, NULL, 0, 0.00),
(547, 175, 3, NULL, 1, 55.00, NULL, NULL, 0, 0.00),
(548, 175, 4, NULL, 0, 50.00, NULL, NULL, 0, 0.00),
(549, 175, 1, NULL, 0, 60.00, NULL, NULL, 0, 0.00),
(550, 175, 2, NULL, 0, 70.00, NULL, NULL, 0, 0.00),
(551, 176, 3, NULL, 1, 55.00, NULL, NULL, 0, 0.00),
(552, 176, 4, NULL, 0, 50.00, NULL, NULL, 0, 0.00),
(553, 176, 1, NULL, 0, 60.00, NULL, NULL, 0, 0.00),
(554, 176, 2, NULL, 0, 70.00, NULL, NULL, 0, 0.00),
(555, 177, 26, 'The Bloom Platter', 1, 349.00, NULL, NULL, 0, 349.00),
(556, 178, 26, 'The Bloom Platter', 1, 349.00, NULL, NULL, 0, 349.00),
(557, 179, 26, 'The Bloom Platter', 1, 349.00, NULL, NULL, 0, 349.00),
(558, 180, 26, 'The Bloom Platter', 1, 349.00, NULL, NULL, 0, 349.00),
(559, 181, 3, NULL, 1, 55.00, NULL, NULL, 0, 0.00),
(560, 181, 4, NULL, 0, 50.00, NULL, NULL, 0, 0.00),
(561, 181, 1, NULL, 0, 60.00, NULL, NULL, 0, 0.00),
(562, 181, 2, NULL, 0, 70.00, NULL, NULL, 0, 0.00),
(563, 182, 26, 'The Bloom Platter', 1, 349.00, NULL, NULL, 0, 349.00),
(564, 183, 7, NULL, 1, 30.00, NULL, NULL, 0, 0.00),
(565, 183, 6, NULL, 0, 60.00, NULL, NULL, 0, 0.00),
(566, 183, 5, NULL, 0, 25.00, NULL, NULL, 0, 0.00),
(567, 183, 11, NULL, 0, 55.00, NULL, NULL, 0, 0.00),
(568, 183, 10, NULL, 0, 65.00, NULL, NULL, 0, 0.00),
(569, 183, 8, NULL, 0, 40.00, NULL, NULL, 0, 0.00),
(570, 183, 9, NULL, 0, 60.00, NULL, NULL, 0, 0.00),
(571, 184, 3, NULL, 0, 55.00, NULL, NULL, 0, 0.00),
(572, 184, 4, NULL, 1, 50.00, NULL, NULL, 0, 0.00),
(573, 184, 1, NULL, 0, 60.00, NULL, NULL, 0, 0.00),
(574, 184, 2, NULL, 0, 70.00, NULL, NULL, 0, 0.00),
(575, 185, 26, 'The Bloom Platter', 1, 349.00, NULL, NULL, 0, 349.00),
(576, 186, 3, NULL, 1, 55.00, NULL, NULL, 0, 0.00),
(577, 186, 4, NULL, 0, 50.00, NULL, NULL, 0, 0.00),
(578, 186, 1, NULL, 1, 60.00, NULL, NULL, 0, 0.00),
(579, 186, 2, NULL, 0, 70.00, NULL, NULL, 0, 0.00),
(580, 187, 3, NULL, 1, 55.00, NULL, NULL, 0, 0.00),
(581, 187, 4, NULL, 0, 50.00, NULL, NULL, 0, 0.00),
(582, 187, 1, NULL, 0, 60.00, NULL, NULL, 0, 0.00),
(583, 187, 2, NULL, 0, 70.00, NULL, NULL, 0, 0.00),
(584, 188, 3, NULL, 1, 55.00, NULL, NULL, 0, 0.00),
(585, 188, 4, NULL, 0, 50.00, NULL, NULL, 0, 0.00),
(586, 188, 1, NULL, 0, 60.00, NULL, NULL, 0, 0.00),
(587, 188, 2, NULL, 0, 70.00, NULL, NULL, 0, 0.00),
(588, 189, 26, 'The Bloom Platter', 1, 349.00, NULL, NULL, 0, 349.00),
(589, 190, 3, NULL, 1, 55.00, NULL, NULL, 0, 0.00),
(590, 190, 4, NULL, 0, 50.00, NULL, NULL, 0, 0.00),
(591, 190, 1, NULL, 0, 60.00, NULL, NULL, 0, 0.00),
(592, 190, 2, NULL, 0, 70.00, NULL, NULL, 0, 0.00),
(593, 191, 3, NULL, 1, 55.00, NULL, NULL, 0, 0.00),
(594, 191, 4, NULL, 0, 50.00, NULL, NULL, 0, 0.00),
(595, 191, 1, NULL, 0, 60.00, NULL, NULL, 0, 0.00),
(596, 191, 2, NULL, 0, 70.00, NULL, NULL, 0, 0.00),
(597, 192, 3, NULL, 1, 55.00, NULL, NULL, 0, 0.00),
(598, 192, 4, NULL, 0, 50.00, NULL, NULL, 0, 0.00),
(599, 192, 1, NULL, 0, 60.00, NULL, NULL, 0, 0.00),
(600, 192, 2, NULL, 0, 70.00, NULL, NULL, 0, 0.00),
(601, 193, 3, NULL, 1, 55.00, NULL, NULL, 0, 0.00),
(602, 193, 4, NULL, 0, 50.00, NULL, NULL, 0, 0.00),
(603, 193, 1, NULL, 0, 60.00, NULL, NULL, 0, 0.00),
(604, 193, 2, NULL, 0, 70.00, NULL, NULL, 0, 0.00),
(605, 194, 3, NULL, 1, 55.00, NULL, NULL, 0, 0.00),
(606, 194, 4, NULL, 0, 50.00, NULL, NULL, 0, 0.00),
(607, 194, 1, NULL, 0, 60.00, NULL, NULL, 0, 0.00),
(608, 194, 2, NULL, 0, 70.00, NULL, NULL, 0, 0.00),
(609, 195, 3, NULL, 0, 55.00, NULL, NULL, 0, 0.00),
(610, 195, 4, NULL, 0, 50.00, NULL, NULL, 0, 0.00),
(611, 195, 1, NULL, 1, 60.00, NULL, NULL, 0, 0.00),
(612, 195, 2, NULL, 0, 70.00, NULL, NULL, 0, 0.00),
(613, 196, 7, NULL, 0, 30.00, NULL, NULL, 0, 0.00),
(614, 196, 6, NULL, 0, 60.00, NULL, NULL, 0, 0.00),
(615, 196, 5, NULL, 0, 25.00, NULL, NULL, 0, 0.00),
(616, 196, 11, NULL, 0, 55.00, NULL, NULL, 0, 0.00),
(617, 196, 10, NULL, 0, 65.00, NULL, NULL, 0, 0.00),
(618, 196, 8, NULL, 0, 40.00, NULL, NULL, 0, 0.00),
(619, 196, 9, NULL, 1, 60.00, NULL, NULL, 0, 0.00),
(620, 197, 3, NULL, 1, 55.00, NULL, NULL, 0, 0.00),
(621, 197, 4, NULL, 0, 50.00, NULL, NULL, 0, 0.00),
(622, 197, 1, NULL, 0, 60.00, NULL, NULL, 0, 0.00),
(623, 197, 2, NULL, 0, 70.00, NULL, NULL, 0, 0.00),
(624, 198, 26, 'The Bloom Platter', 1, 349.00, NULL, NULL, 0, 349.00),
(625, 199, 3, NULL, 1, 55.00, NULL, NULL, 0, 0.00),
(626, 199, 4, NULL, 0, 50.00, NULL, NULL, 0, 0.00),
(627, 199, 1, NULL, 0, 60.00, NULL, NULL, 0, 0.00),
(628, 199, 2, NULL, 0, 70.00, NULL, NULL, 0, 0.00),
(629, 200, 26, 'The Bloom Platter', 1, 349.00, NULL, NULL, 0, 349.00),
(630, 201, 26, 'The Bloom Platter', 1, 349.00, NULL, NULL, 0, 349.00),
(631, 202, 26, 'The Bloom Platter', 1, 349.00, NULL, NULL, 0, 349.00),
(632, 203, 26, 'The Bloom Platter', 1, 349.00, NULL, NULL, 0, 349.00),
(633, 204, 26, 'The Bloom Platter', 1, 349.00, NULL, NULL, 0, 349.00),
(634, 205, 26, 'The Bloom Platter', 1, 349.00, NULL, NULL, 0, 349.00),
(635, 206, 26, 'The Bloom Platter', 2, 349.00, NULL, NULL, 0, 698.00),
(636, 207, 26, 'The Bloom Platter', 1, 349.00, NULL, NULL, 0, 349.00),
(637, 208, 26, 'The Bloom Platter', 1, 349.00, NULL, NULL, 0, 349.00),
(638, 212, 3, NULL, 1, 55.00, NULL, NULL, 0, 0.00),
(639, 214, 15, NULL, 1, 70.00, NULL, NULL, 0, 0.00),
(640, 215, 1, NULL, 1, 60.00, NULL, NULL, 0, 0.00),
(641, 218, 3, NULL, 1, 55.00, NULL, NULL, 0, 0.00),
(642, 219, 3, NULL, 1, 55.00, NULL, NULL, 0, 0.00),
(643, 223, 3, NULL, 1, 55.00, NULL, NULL, 0, 0.00),
(644, 223, 4, NULL, 0, 50.00, NULL, NULL, 0, 0.00),
(645, 223, 1, NULL, 0, 60.00, NULL, NULL, 0, 0.00),
(646, 223, 2, NULL, 0, 70.00, NULL, NULL, 0, 0.00),
(647, 230, 4, NULL, 1, 50.00, NULL, NULL, 0, 0.00),
(648, 231, 3, NULL, 1, 55.00, NULL, NULL, 0, 0.00),
(649, 233, 3, NULL, 1, 55.00, NULL, NULL, 0, 0.00),
(650, 235, 3, NULL, 1, 55.00, NULL, NULL, 0, 0.00),
(651, 238, 3, NULL, 1, 55.00, NULL, NULL, 0, 0.00),
(652, 239, 3, NULL, 1, 55.00, NULL, NULL, 0, 0.00),
(653, 241, 4, NULL, 1, 50.00, NULL, NULL, 0, 0.00),
(654, 244, 4, NULL, 1, 50.00, NULL, NULL, 0, 0.00),
(655, 245, 3, NULL, 1, 55.00, NULL, NULL, 0, 0.00),
(656, 248, 4, NULL, 1, 50.00, NULL, NULL, 0, 0.00),
(657, 249, 3, NULL, 1, 55.00, NULL, NULL, 0, 0.00),
(658, 249, 4, NULL, 1, 50.00, NULL, NULL, 0, 0.00),
(659, 252, 17, NULL, 1, 75.00, NULL, NULL, 0, 0.00),
(660, 252, 16, NULL, 1, 75.00, NULL, NULL, 0, 0.00),
(661, 253, 4, NULL, 1, 50.00, NULL, NULL, 0, 0.00),
(662, 257, 4, NULL, 1, 50.00, NULL, NULL, 0, 0.00),
(663, 258, 3, NULL, 1, 55.00, NULL, NULL, 0, 0.00),
(664, 261, 3, NULL, 1, 55.00, NULL, NULL, 0, 0.00),
(665, 262, 3, NULL, 1, 55.00, NULL, NULL, 0, 0.00),
(666, 262, 4, NULL, 0, 50.00, NULL, NULL, 0, 0.00),
(667, 262, 1, NULL, 0, 60.00, NULL, NULL, 0, 0.00),
(668, 262, 2, NULL, 0, 70.00, NULL, NULL, 0, 0.00),
(669, 263, 26, 'The Bloom Platter', 1, 349.00, NULL, NULL, 0, 349.00),
(670, 265, 26, 'The Bloom Platter', 1, 349.00, NULL, NULL, 0, 349.00),
(671, 266, 26, 'The Bloom Platter', 1, 349.00, NULL, NULL, 0, 349.00),
(672, 267, 26, 'The Bloom Platter', 1, 349.00, NULL, NULL, 0, 349.00),
(673, 268, 26, 'The Bloom Platter', 1, 349.00, NULL, NULL, 0, 349.00),
(674, 269, 26, 'The Bloom Platter', 2, 349.00, NULL, NULL, 0, 698.00),
(675, 270, 26, 'The Bloom Platter', 1, 349.00, NULL, NULL, 0, 349.00),
(676, 271, 26, 'The Bloom Platter', 1, 349.00, NULL, NULL, 0, 349.00),
(677, 272, 26, 'The Bloom Platter', 1, 349.00, NULL, NULL, 0, 349.00),
(678, 273, 26, 'The Bloom Platter', 1, 349.00, NULL, NULL, 0, 349.00),
(679, 274, 26, 'The Bloom Platter', 1, 349.00, NULL, NULL, 0, 349.00),
(680, 275, 26, 'The Bloom Platter', 1, 349.00, NULL, NULL, 0, 349.00),
(681, 276, 16, 'Smoothies', 1, 75.00, NULL, NULL, 0, 75.00),
(682, 277, 16, 'Smoothies', 1, 87.00, NULL, NULL, 0, 87.00),
(683, 278, 26, 'The Bloom Platter', 1, 349.00, NULL, NULL, 0, 349.00),
(684, 279, 26, 'The Bloom Platter', 1, 349.00, NULL, NULL, 0, 349.00),
(685, 280, 26, 'The Bloom Platter', 1, 349.00, NULL, NULL, 0, 349.00),
(686, 281, 26, 'The Bloom Platter', 1, 349.00, NULL, NULL, 0, 349.00),
(687, 282, 26, 'The Bloom Platter', 1, 349.00, NULL, NULL, 0, 349.00),
(688, 283, 26, 'The Bloom Platter', 1, 349.00, NULL, NULL, 0, 349.00),
(689, 285, 26, 'The Bloom Platter', 1, 349.00, NULL, NULL, 0, 349.00),
(690, 286, 3, NULL, 0, 55.00, NULL, NULL, 0, 0.00),
(691, 286, 4, NULL, 1, 50.00, NULL, NULL, 0, 0.00),
(692, 286, 1, NULL, 0, 60.00, NULL, NULL, 0, 0.00),
(693, 286, 2, NULL, 0, 70.00, NULL, NULL, 0, 0.00),
(694, 287, 26, 'The Bloom Platter', 1, 349.00, NULL, NULL, 0, 349.00),
(695, 288, 26, 'The Bloom Platter', 1, 349.00, NULL, NULL, 0, 349.00),
(696, 289, 15, 'Milkshakes', 1, 80.00, NULL, NULL, 0, 80.00),
(697, 290, 26, 'The Bloom Platter', 1, 349.00, NULL, NULL, 0, 349.00),
(698, 291, 13, NULL, 0, 75.00, NULL, NULL, 0, 0.00),
(699, 291, 12, NULL, 0, 80.00, NULL, NULL, 0, 0.00),
(700, 291, 14, NULL, 1, 65.00, NULL, NULL, 0, 0.00),
(701, 292, 3, NULL, 1, 55.00, NULL, NULL, 0, 0.00),
(702, 292, 4, NULL, 0, 50.00, NULL, NULL, 0, 0.00),
(703, 292, 1, NULL, 0, 60.00, NULL, NULL, 0, 0.00),
(704, 292, 2, NULL, 0, 70.00, NULL, NULL, 0, 0.00),
(705, 293, 3, 'Croissants', 1, 65.00, NULL, NULL, 0, 65.00),
(706, 294, 26, 'The Bloom Platter', 1, 349.00, NULL, NULL, 0, 349.00),
(707, 295, 26, 'The Bloom Platter', 1, 349.00, NULL, NULL, 0, 349.00),
(708, 296, 3, 'Croissants', 1, 65.00, NULL, NULL, 0, 65.00),
(709, 297, 26, 'The Bloom Platter', 1, 349.00, NULL, NULL, 0, 349.00),
(710, 301, 3, NULL, 0, 55.00, NULL, NULL, 0, 0.00),
(711, 301, 4, NULL, 1, 50.00, NULL, NULL, 0, 0.00),
(712, 301, 1, NULL, 0, 60.00, NULL, NULL, 0, 0.00),
(713, 301, 2, NULL, 0, 70.00, NULL, NULL, 0, 0.00),
(714, 302, 26, 'The Bloom Platter', 1, 349.00, NULL, NULL, 0, 349.00),
(715, 303, 26, 'The Bloom Platter', 1, 349.00, NULL, NULL, 0, 349.00),
(716, 304, 3, NULL, 0, 55.00, NULL, NULL, 0, 0.00),
(717, 304, 4, NULL, 1, 50.00, NULL, NULL, 0, 0.00),
(718, 304, 1, NULL, 0, 60.00, NULL, NULL, 0, 0.00),
(719, 304, 2, NULL, 0, 70.00, NULL, NULL, 0, 0.00),
(720, 305, 3, NULL, 0, 55.00, NULL, NULL, 0, 0.00),
(721, 305, 4, NULL, 1, 50.00, NULL, NULL, 0, 0.00),
(722, 305, 1, NULL, 0, 60.00, NULL, NULL, 0, 0.00),
(723, 305, 2, NULL, 0, 70.00, NULL, NULL, 0, 0.00),
(724, 306, 26, 'The Bloom Platter', 1, 349.00, NULL, NULL, 0, 349.00),
(725, 307, 4, NULL, 1, 50.00, NULL, NULL, 0, 0.00),
(726, 308, 3, NULL, 1, 55.00, NULL, NULL, 0, 0.00),
(727, 309, 15, NULL, 1, 70.00, NULL, NULL, 0, 0.00),
(728, 310, 16, NULL, 1, 75.00, NULL, NULL, 0, 0.00),
(729, 311, 26, NULL, 1, 349.00, NULL, NULL, 0, 0.00),
(730, 312, 1, NULL, 1, 60.00, NULL, NULL, 0, 0.00),
(731, 313, 4, NULL, 1, 50.00, NULL, NULL, 0, 0.00),
(732, 314, 4, NULL, 1, 50.00, NULL, NULL, 0, 0.00),
(733, 315, 26, NULL, 1, 349.00, NULL, NULL, 0, 0.00),
(734, 316, 26, NULL, 1, 349.00, NULL, NULL, 0, 0.00),
(735, 317, 3, NULL, 1, 55.00, NULL, NULL, 0, 0.00),
(736, 318, 2, NULL, 1, 70.00, NULL, NULL, 0, 0.00),
(737, 319, 3, NULL, 1, 55.00, NULL, NULL, 0, 0.00),
(738, 320, 3, NULL, 1, 55.00, NULL, NULL, 0, 0.00),
(739, 321, 4, NULL, 1, 50.00, NULL, NULL, 0, 0.00),
(740, 322, 26, NULL, 1, 349.00, NULL, NULL, 0, 0.00),
(741, 323, 26, NULL, 1, 349.00, NULL, NULL, 0, 0.00),
(742, 324, 1, NULL, 1, 60.00, NULL, NULL, 0, 0.00),
(743, 325, 1, NULL, 1, 60.00, NULL, NULL, 0, 0.00),
(744, 326, 4, NULL, 1, 50.00, NULL, NULL, 0, 0.00),
(745, 327, 3, NULL, 1, 55.00, NULL, NULL, 0, 0.00),
(746, 328, 3, NULL, 1, 55.00, NULL, NULL, 0, 0.00),
(747, 329, 3, NULL, 1, 55.00, NULL, NULL, 0, 0.00),
(748, 330, 26, NULL, 1, 349.00, NULL, NULL, 0, 0.00),
(749, 331, 26, NULL, 1, 349.00, NULL, NULL, 0, 0.00),
(750, 332, 26, NULL, 1, 349.00, NULL, NULL, 0, 0.00),
(751, 333, 26, NULL, 1, 349.00, NULL, NULL, 0, 0.00),
(752, 334, 15, NULL, 1, 70.00, NULL, NULL, 0, 0.00),
(753, 335, 15, NULL, 1, 70.00, NULL, NULL, 0, 0.00),
(754, 336, 15, NULL, 1, 70.00, NULL, NULL, 0, 0.00),
(755, 337, 26, NULL, 1, 349.00, NULL, NULL, 0, 0.00),
(756, 338, 3, NULL, 1, 55.00, NULL, NULL, 0, 0.00),
(757, 339, 26, NULL, 1, 349.00, NULL, NULL, 0, 0.00),
(758, 340, 3, NULL, 1, 55.00, NULL, NULL, 0, 0.00),
(759, 341, 4, NULL, 1, 50.00, NULL, NULL, 0, 0.00),
(760, 342, 8, NULL, 1, 40.00, NULL, NULL, 0, 0.00),
(761, 343, 26, NULL, 1, 349.00, NULL, NULL, 0, 0.00),
(762, 344, 3, NULL, 1, 55.00, NULL, NULL, 0, 0.00),
(763, 345, 4, NULL, 1, 50.00, NULL, NULL, 0, 0.00),
(764, 346, 4, NULL, 1, 50.00, NULL, NULL, 0, 0.00),
(765, 347, 14, NULL, 1, 65.00, NULL, NULL, 0, 0.00),
(766, 348, 13, NULL, 1, 75.00, NULL, NULL, 0, 0.00),
(767, 349, 26, NULL, 1, 349.00, NULL, NULL, 0, 0.00),
(768, 350, 26, NULL, 1, 349.00, NULL, NULL, 0, 0.00),
(769, 351, 1, NULL, 1, 60.00, NULL, NULL, 0, 0.00),
(770, 352, 12, NULL, 1, 80.00, NULL, NULL, 0, 0.00),
(771, 353, 3, NULL, 1, 55.00, NULL, NULL, 0, 0.00),
(772, 354, 13, NULL, 1, 75.00, NULL, NULL, 0, 0.00),
(773, 355, 2, NULL, 1, 70.00, NULL, NULL, 0, 0.00),
(774, 356, 3, NULL, 1, 55.00, NULL, NULL, 0, 0.00),
(775, 357, 3, NULL, 1, 55.00, NULL, NULL, 0, 0.00),
(776, 358, 3, NULL, 1, 55.00, NULL, NULL, 0, 0.00),
(777, 359, 26, NULL, 1, 349.00, NULL, NULL, 0, 0.00),
(778, 360, 26, NULL, 1, 349.00, NULL, NULL, 0, 0.00),
(779, 361, 26, NULL, 1, 349.00, NULL, NULL, 0, 0.00),
(780, 362, 26, NULL, 1, 349.00, NULL, NULL, 0, 0.00),
(781, 363, 3, NULL, 1, 55.00, NULL, NULL, 0, 0.00),
(782, 364, 1, NULL, 1, 60.00, NULL, NULL, 0, 0.00),
(783, 365, 1, NULL, 1, 60.00, NULL, NULL, 0, 0.00),
(784, 366, 6, NULL, 1, 60.00, NULL, NULL, 0, 0.00),
(785, 367, 10, NULL, 1, 65.00, NULL, NULL, 0, 0.00),
(786, 368, 7, NULL, 1, 30.00, NULL, NULL, 0, 0.00),
(787, 369, 13, NULL, 1, 75.00, NULL, NULL, 0, 0.00),
(788, 370, 13, NULL, 1, 75.00, NULL, NULL, 0, 0.00),
(789, 371, 7, NULL, 1, 30.00, NULL, NULL, 0, 0.00),
(790, 372, 11, NULL, 1, 55.00, NULL, NULL, 0, 0.00),
(791, 373, 11, NULL, 1, 55.00, NULL, NULL, 0, 0.00),
(793, 376, 26, NULL, 1, 349.00, NULL, NULL, 0, 0.00),
(794, 377, 2, NULL, 1, 70.00, NULL, NULL, 0, 0.00),
(795, 378, 10, NULL, 1, 65.00, NULL, NULL, 0, 0.00),
(796, 379, 26, NULL, 1, 349.00, NULL, NULL, 0, 0.00),
(797, 380, 1, NULL, 1, 60.00, NULL, NULL, 0, 0.00),
(798, 381, 26, NULL, 1, 349.00, NULL, NULL, 0, 0.00),
(799, 382, 26, NULL, 1, 349.00, NULL, NULL, 0, 0.00),
(800, 383, 26, NULL, 1, 349.00, NULL, NULL, 0, 0.00),
(801, 384, 26, NULL, 1, 349.00, NULL, NULL, 0, 0.00),
(802, 385, 4, NULL, 1, 50.00, NULL, NULL, 0, 0.00),
(803, 386, 3, NULL, 1, 55.00, NULL, NULL, 0, 0.00),
(804, 387, 3, NULL, 1, 55.00, NULL, NULL, 0, 0.00),
(805, 388, 17, NULL, 1, 75.00, NULL, NULL, 0, 75.00),
(806, 389, 2, NULL, 1, 70.00, NULL, NULL, 0, 0.00),
(807, 390, 2, NULL, 1, 70.00, NULL, NULL, 0, 0.00),
(808, 391, 7, 'Herbal Tea', 2, 30.00, NULL, NULL, 0, 60.00),
(809, 391, 26, 'The Bloom Platter', 1, 349.00, NULL, NULL, 0, 349.00),
(810, 392, 2, NULL, 1, 70.00, NULL, NULL, 0, 0.00),
(811, 393, 3, NULL, 1, 55.00, NULL, NULL, 0, 0.00),
(812, 394, 2, NULL, 1, 70.00, NULL, NULL, 0, 0.00),
(813, 395, 3, NULL, 1, 55.00, NULL, NULL, 0, 0.00),
(814, 396, 4, NULL, 1, 50.00, NULL, NULL, 0, 0.00),
(815, 397, 3, NULL, 1, 55.00, NULL, NULL, 0, 0.00),
(816, 398, 2, NULL, 1, 70.00, NULL, NULL, 0, 0.00),
(817, 399, 16, 'Smoothies', 1, 75.00, NULL, NULL, 0, 75.00),
(818, 399, 26, 'The Bloom Platter', 1, 349.00, NULL, NULL, 0, 349.00),
(819, 400, 7, NULL, 1, 30.00, NULL, NULL, 0, 0.00),
(820, 401, 4, NULL, 1, 50.00, NULL, NULL, 0, 0.00),
(821, 402, 3, NULL, 1, 55.00, NULL, NULL, 0, 0.00),
(822, 402, 2, NULL, 1, 70.00, NULL, NULL, 0, 0.00),
(823, 403, 26, NULL, 1, 349.00, NULL, NULL, 0, 0.00),
(824, 404, 26, NULL, 1, 349.00, NULL, NULL, 0, 0.00),
(825, 405, 12, NULL, 1, 80.00, NULL, NULL, 0, 0.00),
(826, 406, 18, NULL, 1, 65.00, NULL, NULL, 0, 0.00),
(827, 406, 16, NULL, 1, 75.00, NULL, NULL, 0, 0.00),
(828, 407, 2, NULL, 1, 70.00, NULL, NULL, 0, 0.00),
(829, 408, 9, NULL, 1, 60.00, NULL, NULL, 0, 0.00),
(830, 409, 13, NULL, 1, 75.00, NULL, NULL, 0, 0.00),
(831, 410, 26, NULL, 3, 349.00, NULL, NULL, 0, 0.00),
(832, 411, 26, NULL, 1, 349.00, NULL, NULL, 0, 0.00),
(833, 412, 3, NULL, 1, 55.00, NULL, NULL, 0, 0.00),
(834, 412, 4, NULL, 1, 50.00, NULL, NULL, 0, 0.00),
(835, 413, 3, NULL, 1, 55.00, NULL, NULL, 0, 0.00),
(836, 414, 26, NULL, 1, 349.00, NULL, NULL, 0, 0.00),
(837, 415, 6, NULL, 1, 60.00, NULL, NULL, 0, 0.00),
(838, 416, 1, NULL, 1, 60.00, NULL, NULL, 0, 0.00),
(839, 417, 13, NULL, 1, 75.00, NULL, NULL, 0, 0.00);

-- --------------------------------------------------------

--
-- Table structure for table `order_item_customizations`
--

CREATE TABLE `order_item_customizations` (
  `id` int(11) NOT NULL,
  `order_item_id` int(11) NOT NULL,
  `customization_id` int(11) NOT NULL,
  `customization_name` varchar(255) DEFAULT NULL,
  `extra_price` decimal(10,2) DEFAULT 0.00
) ENGINE=InnoDB DEFAULT CHARSET=utf8mb4 COLLATE=utf8mb4_general_ci;

--
-- Dumping data for table `order_item_customizations`
--

INSERT INTO `order_item_customizations` (`id`, `order_item_id`, `customization_id`, `customization_name`, `extra_price`) VALUES
(1, 144, 3, 'Strawberry', 12.00),
(2, 145, 0, '', 10.00),
(3, 145, 0, '', 10.00),
(4, 156, 0, '', 20.00),
(5, 156, 0, '', 10.00),
(6, 156, 0, '', 10.00),
(7, 163, 0, '', 20.00),
(8, 167, 0, '', 12.00),
(9, 170, 0, '', 12.00),
(10, 175, 0, '', 12.00),
(11, 175, 0, '', 13.00),
(12, 178, 0, '', 10.00),
(13, 203, 2, 'Oreo', 10.00),
(14, 212, 8, 'Banana', 8.00),
(15, 212, 10, 'Nutella', 15.00),
(16, 213, 10, 'Nutella', 15.00),
(17, 222, 2, 'Oreo', 10.00),
(18, 239, 1, 'Chocolate', 10.00),
(19, 244, 1, 'Chocolate', 10.00),
(20, 253, 1, 'Chocolate', 10.00),
(21, 258, 1, 'Chocolate', 10.00),
(22, 261, 0, '', 10.00),
(23, 265, 0, '', 10.00),
(24, 269, 0, '', 8.00),
(25, 270, 0, '', 12.00),
(26, 274, 0, '', 10.00),
(27, 277, 0, '', 10.00),
(28, 283, 0, '', 10.00),
(29, 294, 0, '', 10.00),
(30, 296, 0, '', 20.00),
(31, 297, 0, '', 10.00),
(32, 305, 0, '', 10.00),
(33, 305, 0, '', 12.00),
(34, 306, 0, '', 12.00),
(35, 310, 0, '', 13.00),
(36, 313, 0, '', 10.00),
(37, 316, 0, '', 15.00),
(38, 321, 0, '', 8.00),
(39, 325, 8, 'Banana', 0.00),
(40, 327, 13, 'Almond', 0.00),
(41, 328, 16, 'Chocolate', 0.00),
(42, 328, 17, 'Cinnamon Sugar', 0.00),
(43, 329, 8, 'Banana', 0.00),
(44, 333, 16, 'Chocolate', 0.00),
(45, 337, 0, '', 10.00),
(46, 343, 1, 'Chocolate', 0.00),
(47, 346, 15, 'Chocolate', 0.00),
(48, 347, 16, 'Chocolate', 0.00),
(49, 347, 17, 'Cinnamon Sugar', 0.00),
(50, 354, 14, 'Apple', 0.00),
(51, 360, 3, 'Strawberry', 0.00),
(52, 364, 1, 'Chocolate', 0.00),
(53, 369, 6, 'Strawberry', 0.00),
(54, 372, 3, 'Strawberry', 0.00),
(55, 376, 1, 'Chocolate', 0.00),
(56, 380, 2, 'Oreo', 0.00),
(57, 385, 5, 'Blueberry', 0.00),
(58, 388, 2, 'Oreo', 0.00),
(59, 392, 9, 'Chocolate', 0.00),
(60, 395, 17, 'Cinnamon Sugar', 0.00),
(61, 399, 16, 'Chocolate', 0.00),
(62, 404, 9, 'Chocolate', 0.00),
(63, 406, 14, 'Apple', 0.00),
(64, 410, 15, 'Chocolate', 0.00),
(65, 417, 5, 'Blueberry', 0.00),
(66, 421, 6, 'Strawberry', 0.00),
(67, 425, 5, 'Blueberry', 0.00),
(68, 429, 7, 'Raseberry', 0.00),
(69, 435, 18, 'Maple Glazed', 0.00),
(70, 438, 15, 'Chocolate', 0.00),
(71, 442, 15, 'Chocolate', 10.00),
(72, 446, 15, 'Chocolate', 10.00),
(73, 449, 11, 'Classic', 10.00),
(74, 451, 14, 'Apple', 10.00),
(75, 452, 18, 'Maple Glazed', 13.00),
(76, 453, 8, 'Banana', 8.00),
(77, 455, 14, 'Apple', 10.00),
(78, 459, 14, 'Apple', 10.00),
(79, 463, 15, 'Chocolate', 10.00),
(80, 481, 14, 'Apple', 10.00),
(81, 485, 14, 'Apple', 10.00),
(82, 489, 14, 'Apple', 10.00),
(83, 493, 14, 'Apple', 10.00),
(84, 497, 14, 'Apple', 10.00),
(85, 501, 13, 'Almond', 20.00),
(86, 505, 15, 'Chocolate', 10.00),
(87, 521, 15, 'Chocolate', 10.00),
(88, 525, 14, 'Apple', 10.00),
(89, 546, 10, 'Nutella', 15.00),
(90, 547, 15, 'Chocolate', 10.00),
(91, 551, 13, 'Almond', 20.00),
(92, 559, 13, 'Almond', 20.00),
(93, 572, 16, 'Chocolate', 10.00),
(94, 576, 15, 'Chocolate', 10.00),
(95, 578, 8, 'Banana', 8.00),
(96, 584, 13, 'Almond', 20.00),
(97, 589, 14, 'Apple', 10.00),
(98, 593, 14, 'Apple', 10.00),
(99, 597, 15, 'Chocolate', 10.00),
(100, 601, 14, 'Apple', 10.00),
(101, 605, 15, 'Chocolate', 10.00),
(102, 611, 8, 'Banana', 8.00),
(103, 620, 13, 'Almond', 20.00),
(104, 625, 15, 'Chocolate', 10.00),
(105, 643, 15, 'Chocolate', 10.00),
(106, 665, 13, 'Almond', 20.00),
(107, 682, 0, 'Strawberry', 12.00),
(108, 691, 17, 'Cinnamon Sugar', 15.00),
(109, 696, 0, 'Chocolate', 10.00),
(110, 701, 14, 'Apple', 10.00),
(111, 705, 0, 'Apple', 10.00),
(112, 708, 0, 'Apple', 10.00),
(113, 711, 18, 'Maple Glazed', 13.00),
(114, 717, 17, 'Cinnamon Sugar', 15.00),
(115, 721, 18, 'Maple Glazed', 13.00),
(116, 725, 17, 'Cinnamon Sugar', 15.00),
(117, 726, 14, 'Apple', 10.00),
(118, 727, 1, 'Chocolate', 10.00),
(119, 728, 7, 'Raseberry', 13.00),
(120, 730, 8, 'Banana', 8.00),
(121, 731, 17, 'Cinnamon Sugar', 15.00),
(122, 732, 17, 'Cinnamon Sugar', 15.00),
(123, 735, 14, 'Apple', 10.00),
(124, 736, 10, 'Nutella', 15.00),
(125, 737, 14, 'Apple', 10.00),
(126, 738, 14, 'Apple', 10.00),
(127, 739, 17, 'Cinnamon Sugar', 15.00),
(128, 742, 9, 'Chocolate', 10.00),
(129, 743, 9, 'Chocolate', 10.00),
(130, 744, 16, 'Chocolate', 10.00),
(131, 745, 15, 'Chocolate', 10.00),
(132, 746, 14, 'Apple', 10.00),
(133, 747, 13, 'Almond', 20.00),
(134, 752, 2, 'Oreo', 10.00),
(135, 753, 1, 'Chocolate', 10.00),
(136, 754, 1, 'Chocolate', 10.00),
(137, 756, 14, 'Apple', 10.00),
(138, 758, 15, 'Chocolate', 10.00),
(139, 759, 18, 'Maple Glazed', 13.00),
(140, 762, 14, 'Apple', 10.00),
(141, 763, 18, 'Maple Glazed', 13.00),
(142, 764, 18, 'Maple Glazed', 13.00),
(143, 769, 9, 'Chocolate', 10.00),
(144, 771, 13, 'Almond', 20.00),
(145, 773, 12, 'Venilla Ice Cream', 20.00),
(146, 774, 15, 'Chocolate', 10.00),
(147, 775, 14, 'Apple', 10.00),
(148, 776, 15, 'Chocolate', 10.00),
(149, 781, 14, 'Apple', 10.00),
(150, 782, 9, 'Chocolate', 10.00),
(151, 783, 8, 'Banana', 8.00),
(152, 794, 12, 'Venilla Ice Cream', 20.00),
(153, 797, 9, 'Chocolate', 10.00),
(154, 802, 17, 'Cinnamon Sugar', 15.00),
(155, 803, 13, 'Almond', 20.00),
(156, 804, 13, 'Almond', 20.00),
(157, 806, 12, 'Venilla Ice Cream', 20.00),
(158, 810, 10, 'Nutella', 15.00),
(159, 811, 13, 'Almond', 20.00),
(160, 820, 17, 'Cinnamon Sugar', 15.00),
(161, 821, 15, 'Chocolate', 10.00),
(162, 822, 11, 'Classic', 10.00),
(163, 827, 6, 'Strawberry', 12.00),
(164, 828, 12, 'Venilla Ice Cream', 20.00),
(165, 833, 14, 'Apple', 10.00),
(166, 834, 18, 'Maple Glazed', 13.00),
(167, 835, 14, 'Apple', 10.00),
(168, 838, 9, 'Chocolate', 10.00);

-- --------------------------------------------------------

--
-- Table structure for table `order_payment_proofs`
--

CREATE TABLE `order_payment_proofs` (
  `id` int(11) NOT NULL,
  `order_id` int(11) DEFAULT NULL,
  `screenshot_path` varchar(255) NOT NULL,
  `verified_amount` decimal(10,2) DEFAULT NULL,
  `verified` tinyint(1) DEFAULT 0,
  `status` enum('Verified','Rejected','Pending') DEFAULT 'Pending',
  `created_at` timestamp NOT NULL DEFAULT current_timestamp()
) ENGINE=InnoDB DEFAULT CHARSET=utf8mb4 COLLATE=utf8mb4_general_ci;

--
-- Dumping data for table `order_payment_proofs`
--

INSERT INTO `order_payment_proofs` (`id`, `order_id`, `screenshot_path`, `verified_amount`, `verified`, `status`, `created_at`) VALUES
(1, 156, 'uploads/payment_proofs/payment_156_1757060391.png', NULL, 0, 'Pending', '2025-09-05 08:19:51'),
(2, 156, 'uploads/payment_proofs/payment_156_1757060391.png', NULL, 0, 'Pending', '2025-09-05 08:19:51'),
(3, 156, 'uploads/payment_proofs/payment_156_1757060391.png', NULL, 0, 'Pending', '2025-09-05 08:19:51'),
(4, 156, 'uploads/payment_proofs/payment_156_1757060392.png', NULL, 0, 'Pending', '2025-09-05 08:19:52'),
(5, 157, 'uploads/payment_proofs/payment_157_1757060578.png', NULL, 0, 'Pending', '2025-09-05 08:22:58'),
(6, 157, 'uploads/payment_proofs/payment_157_1757060578.png', NULL, 0, 'Pending', '2025-09-05 08:22:58'),
(7, 157, 'uploads/payment_proofs/payment_157_1757060578.png', NULL, 0, 'Pending', '2025-09-05 08:22:58'),
(8, 157, 'uploads/payment_proofs/payment_157_1757060578.png', NULL, 0, 'Pending', '2025-09-05 08:22:58'),
(9, 158, 'uploads/payment_proofs/payment_158_1757061147.png', NULL, 0, 'Pending', '2025-09-05 08:32:27'),
(10, 158, 'uploads/payment_proofs/payment_158_1757061147.png', NULL, 0, 'Pending', '2025-09-05 08:32:27'),
(11, 158, 'uploads/payment_proofs/payment_158_1757061147.png', NULL, 0, 'Pending', '2025-09-05 08:32:27'),
(12, 158, 'uploads/payment_proofs/payment_158_1757061147.png', NULL, 0, 'Pending', '2025-09-05 08:32:27'),
(13, 158, 'uploads/payment_proofs/payment_158_1757061147.png', NULL, 0, 'Pending', '2025-09-05 08:32:27'),
(14, 158, 'uploads/payment_proofs/payment_158_1757061147.png', NULL, 0, 'Pending', '2025-09-05 08:32:27'),
(15, 158, 'uploads/payment_proofs/payment_158_1757061147.png', NULL, 0, 'Pending', '2025-09-05 08:32:27'),
(16, 159, 'uploads/payment_proofs/payment_159_1757061213.png', NULL, 0, 'Pending', '2025-09-05 08:33:33'),
(17, 159, 'uploads/payment_proofs/payment_159_1757061213.png', NULL, 0, 'Pending', '2025-09-05 08:33:33'),
(18, 159, 'uploads/payment_proofs/payment_159_1757061213.png', NULL, 0, 'Pending', '2025-09-05 08:33:33'),
(19, 159, 'uploads/payment_proofs/payment_159_1757061213.png', NULL, 0, 'Pending', '2025-09-05 08:33:33'),
(20, 159, 'uploads/payment_proofs/payment_159_1757061213.png', NULL, 0, 'Pending', '2025-09-05 08:33:33'),
(21, 159, 'uploads/payment_proofs/payment_159_1757061213.png', NULL, 0, 'Pending', '2025-09-05 08:33:33'),
(22, 159, 'uploads/payment_proofs/payment_159_1757061213.png', NULL, 0, 'Pending', '2025-09-05 08:33:33'),
(23, 160, 'uploads/payment_proofs/payment_160_1757061838.png', NULL, 0, 'Pending', '2025-09-05 08:43:58'),
(24, 160, 'uploads/payment_proofs/payment_160_1757061838.png', NULL, 0, 'Pending', '2025-09-05 08:43:58'),
(25, 160, 'uploads/payment_proofs/payment_160_1757061838.png', NULL, 0, 'Pending', '2025-09-05 08:43:58'),
(26, 160, 'uploads/payment_proofs/payment_160_1757061838.png', NULL, 0, 'Pending', '2025-09-05 08:43:58'),
(27, 161, 'uploads/payment_proofs/payment_161_1757062051.png', NULL, 0, 'Pending', '2025-09-05 08:47:31'),
(28, 161, 'uploads/payment_proofs/payment_161_1757062051.png', NULL, 0, 'Pending', '2025-09-05 08:47:31'),
(29, 161, 'uploads/payment_proofs/payment_161_1757062051.png', NULL, 0, 'Pending', '2025-09-05 08:47:31'),
(30, 161, 'uploads/payment_proofs/payment_161_1757062051.png', NULL, 0, 'Pending', '2025-09-05 08:47:31'),
(31, 162, 'uploads/payment_proofs/payment_162_1757062082.png', NULL, 0, 'Pending', '2025-09-05 08:48:02'),
(32, 162, 'uploads/payment_proofs/payment_162_1757062082.png', NULL, 0, 'Pending', '2025-09-05 08:48:02'),
(33, 162, 'uploads/payment_proofs/payment_162_1757062082.png', NULL, 0, 'Pending', '2025-09-05 08:48:02'),
(34, 162, 'uploads/payment_proofs/payment_162_1757062082.png', NULL, 0, 'Pending', '2025-09-05 08:48:02'),
(35, 163, 'uploads/payment_proofs/payment_163_1757062244.png', NULL, 0, 'Pending', '2025-09-05 08:50:44'),
(36, 163, 'uploads/payment_proofs/payment_163_1757062244.png', NULL, 0, 'Pending', '2025-09-05 08:50:44'),
(37, 163, 'uploads/payment_proofs/payment_163_1757062244.png', NULL, 0, 'Pending', '2025-09-05 08:50:44'),
(38, 163, 'uploads/payment_proofs/payment_163_1757062244.png', NULL, 0, 'Pending', '2025-09-05 08:50:44');

-- --------------------------------------------------------

--
-- Table structure for table `reviews`
--

CREATE TABLE `reviews` (
  `id` int(11) NOT NULL,
  `rating` int(11) NOT NULL,
  `comment` text NOT NULL,
  `created_at` datetime DEFAULT current_timestamp()
) ENGINE=InnoDB DEFAULT CHARSET=utf8mb4 COLLATE=utf8mb4_general_ci;

--
-- Indexes for dumped tables
--

--
-- Indexes for table `admins`
--
ALTER TABLE `admins`
  ADD PRIMARY KEY (`id`);

--
-- Indexes for table `categories`
--
ALTER TABLE `categories`
  ADD PRIMARY KEY (`id`);

--
-- Indexes for table `menu`
--
ALTER TABLE `menu`
  ADD PRIMARY KEY (`id`);

--
-- Indexes for table `menu_customizations`
--
ALTER TABLE `menu_customizations`
  ADD PRIMARY KEY (`id`);

--
-- Indexes for table `orders`
--
ALTER TABLE `orders`
  ADD PRIMARY KEY (`id`);

--
-- Indexes for table `order_items`
--
ALTER TABLE `order_items`
  ADD PRIMARY KEY (`id`),
  ADD KEY `order_id` (`order_id`),
  ADD KEY `menu_id` (`menu_id`);

--
-- Indexes for table `order_item_customizations`
--
ALTER TABLE `order_item_customizations`
  ADD PRIMARY KEY (`id`);

--
-- Indexes for table `order_payment_proofs`
--
ALTER TABLE `order_payment_proofs`
  ADD PRIMARY KEY (`id`);

--
-- Indexes for table `reviews`
--
ALTER TABLE `reviews`
  ADD PRIMARY KEY (`id`);

--
-- AUTO_INCREMENT for dumped tables
--

--
-- AUTO_INCREMENT for table `admins`
--
ALTER TABLE `admins`
  MODIFY `id` int(11) NOT NULL AUTO_INCREMENT, AUTO_INCREMENT=2;

--
-- AUTO_INCREMENT for table `categories`
--
ALTER TABLE `categories`
  MODIFY `id` int(11) NOT NULL AUTO_INCREMENT, AUTO_INCREMENT=6;

--
-- AUTO_INCREMENT for table `menu`
--
ALTER TABLE `menu`
  MODIFY `id` int(11) NOT NULL AUTO_INCREMENT, AUTO_INCREMENT=27;

--
-- AUTO_INCREMENT for table `menu_customizations`
--
ALTER TABLE `menu_customizations`
  MODIFY `id` int(11) NOT NULL AUTO_INCREMENT, AUTO_INCREMENT=19;

--
-- AUTO_INCREMENT for table `orders`
--
ALTER TABLE `orders`
  MODIFY `id` int(11) NOT NULL AUTO_INCREMENT, AUTO_INCREMENT=418;

--
-- AUTO_INCREMENT for table `order_items`
--
ALTER TABLE `order_items`
  MODIFY `id` int(11) NOT NULL AUTO_INCREMENT, AUTO_INCREMENT=840;

--
-- AUTO_INCREMENT for table `order_item_customizations`
--
ALTER TABLE `order_item_customizations`
  MODIFY `id` int(11) NOT NULL AUTO_INCREMENT, AUTO_INCREMENT=169;

--
-- AUTO_INCREMENT for table `order_payment_proofs`
--
ALTER TABLE `order_payment_proofs`
  MODIFY `id` int(11) NOT NULL AUTO_INCREMENT, AUTO_INCREMENT=39;

--
-- AUTO_INCREMENT for table `reviews`
--
ALTER TABLE `reviews`
  MODIFY `id` int(11) NOT NULL AUTO_INCREMENT, AUTO_INCREMENT=20;

--
-- Constraints for dumped tables
--

--
-- Constraints for table `order_items`
--
ALTER TABLE `order_items`
  ADD CONSTRAINT `order_items_ibfk_1` FOREIGN KEY (`order_id`) REFERENCES `orders` (`id`) ON DELETE CASCADE,
  ADD CONSTRAINT `order_items_ibfk_2` FOREIGN KEY (`menu_id`) REFERENCES `menu` (`id`) ON DELETE CASCADE;
COMMIT;

/*!40101 SET CHARACTER_SET_CLIENT=@OLD_CHARACTER_SET_CLIENT */;
/*!40101 SET CHARACTER_SET_RESULTS=@OLD_CHARACTER_SET_RESULTS */;
/*!40101 SET COLLATION_CONNECTION=@OLD_COLLATION_CONNECTION */;
